medication,prescribed_count,prescribed_pct,steady_pct,up_pct,down_pct,is_zero_variance
metformin,14068,20.2362,18.5748,1.076,0.5855,False
repaglinide,1080,1.5535,1.3895,0.1223,0.0417,False
nateglinide,471,0.6775,0.6387,0.0245,0.0144,False
chlorpropamide,55,0.0791,0.0762,0.0014,0.0014,False
glimepiride,3701,5.3237,4.7886,0.3222,0.2129,False
acetohexamide,1,0.0014,0.0014,0.0,0.0,False
glipizide,8741,12.5735,11.253,0.7883,0.5322,False
glyburide,7351,10.5741,9.1644,0.8185,0.5912,False
tolbutamide,12,0.0173,0.0173,0.0,0.0,False
pioglitazone,5087,7.3174,6.9679,0.2258,0.1237,False
rosiglitazone,4482,6.4472,6.1854,0.1755,0.0863,False
acarbose,216,0.3107,0.2992,0.0115,0.0,False
miglitol,20,0.0288,0.0273,0.0,0.0014,False
troglitazone,3,0.0043,0.0043,0.0,0.0,False
tolazamide,27,0.0388,0.0374,0.0014,0.0,False
examide,0,0.0,0.0,0.0,0.0,True
citoglipton,0,0.0,0.0,0.0,0.0,True
insulin,37208,53.5221,30.5312,11.0761,11.9147,False
glyburide-metformin,485,0.6977,0.6833,0.0058,0.0086,False
glipizide-metformin,13,0.0187,0.0187,0.0,0.0,False
glimepiride-pioglitazone,0,0.0,0.0,0.0,0.0,True
metformin-rosiglitazone,2,0.0029,0.0029,0.0,0.0,False
metformin-pioglitazone,1,0.0014,0.0014,0.0,0.0,False
