feature,q_count,q_pct,none_count,none_pct
encounter_id,0,0.0,0,0.0
patient_nbr,0,0.0,0,0.0
race,1616,2.3245,0,0.0
gender,0,0.0,0,0.0
age,0,0.0,0,0.0
weight,67386,96.9318,0,0.0
admission_type_id,0,0.0,0,0.0
discharge_disposition_id,0,0.0,0,0.0
admission_source_id,0,0.0,0,0.0
time_in_hospital,0,0.0,0,0.0
payer_code,27691,39.8323,0,0.0
medical_specialty,33896,48.7579,0,0.0
num_lab_procedures,0,0.0,0,0.0
num_procedures,0,0.0,0,0.0
num_medications,0,0.0,0,0.0
number_outpatient,0,0.0,0,0.0
number_emergency,0,0.0,0,0.0
number_inpatient,0,0.0,0,0.0
diag_1,14,0.0201,0,0.0
diag_2,261,0.3754,0,0.0
diag_3,1030,1.4816,0,0.0
number_diagnoses,0,0.0,0,0.0
max_glu_serum,0,0.0,65940,94.8518
A1Cresult,0,0.0,57737,83.0521
metformin,0,0.0,0,0.0
repaglinide,0,0.0,0,0.0
nateglinide,0,0.0,0,0.0
chlorpropamide,0,0.0,0,0.0
glimepiride,0,0.0,0,0.0
acetohexamide,0,0.0,0,0.0
glipizide,0,0.0,0,0.0
glyburide,0,0.0,0,0.0
tolbutamide,0,0.0,0,0.0
pioglitazone,0,0.0,0,0.0
rosiglitazone,0,0.0,0,0.0
acarbose,0,0.0,0,0.0
miglitol,0,0.0,0,0.0
troglitazone,0,0.0,0,0.0
tolazamide,0,0.0,0,0.0
examide,0,0.0,0,0.0
citoglipton,0,0.0,0,0.0
insulin,0,0.0,0,0.0
glyburide-metformin,0,0.0,0,0.0
glipizide-metformin,0,0.0,0,0.0
glimepiride-pioglitazone,0,0.0,0,0.0
metformin-rosiglitazone,0,0.0,0,0.0
metformin-pioglitazone,0,0.0,0,0.0
change,0,0.0,0,0.0
diabetesMed,0,0.0,0,0.0
readmitted,0,0.0,0,0.0
target_binary,0,0.0,0,0.0
is_repeat_patient,0,0.0,0,0.0
is_expired,0,0.0,0,0.0
is_hospice,0,0.0,0,0.0
is_cohort_eligible,0,0.0,0,0.0
split,0,0.0,0,0.0
