subgroup_dimension,category,encounter_count,encounter_pct,early_readmission_count,early_readmission_rate
race,?,1616,2.3245,134,8.2921
race,AfricanAmerican,13177,18.9545,1526,11.5808
race,Asian,411,0.5912,46,11.1922
race,Caucasian,51880,74.6271,5965,11.4977
race,Hispanic,1409,2.0268,146,10.362
race,Other,1026,1.4759,99,9.6491
gender,Female,37300,53.6544,4265,11.4343
gender,Male,32216,46.3413,3651,11.3329
gender,Unknown/Invalid,3,0.0043,0,0.0
age,[0-10),118,0.1697,2,1.6949
age,[10-20),484,0.6962,29,5.9917
age,[20-30),1089,1.5665,158,14.5087
age,[30-40),2668,3.8378,295,11.057
age,[40-50),6718,9.6635,723,10.7621
age,[50-60),11748,16.899,1093,9.3037
age,[60-70),15628,22.4802,1800,11.5178
age,[70-80),17777,25.5714,2161,12.1562
age,[80-90),11519,16.5696,1453,12.6139
age,[90-100),1770,2.5461,202,11.4124
A1Cresult,>7,2637,3.7932,259,9.8218
A1Cresult,>8,5727,8.238,562,9.8132
A1Cresult,None,57737,83.0521,6744,11.6806
A1Cresult,Norm,3418,4.9166,351,10.2692
max_glu_serum,>200,992,1.4269,125,12.6008
max_glu_serum,>300,781,1.1234,118,15.1088
max_glu_serum,None,65940,94.8518,7467,11.3239
max_glu_serum,Norm,1806,2.5979,206,11.4064
change,Ch,32373,46.5671,3894,12.0285
change,No,37146,53.4329,4022,10.8275
diabetesMed,No,15652,22.5147,1532,9.7879
diabetesMed,Yes,53867,77.4853,6384,11.8514
