model,threshold,n_samples,prevalence,roc_auc,pr_auc,brier_score,log_loss,sensitivity,specificity,ppv,npv,f1,tp,fp,tn,fn,split
catboost_default,0.1,14911,0.11669237475689088,0.653,0.2196,0.0989,0.3432,0.6724,0.5334,0.1599,0.925,0.2584,1170,6146,7025,570,val
catboost_default,0.1,14913,0.11117816670019447,0.6477,0.2045,0.0952,0.3337,0.6761,0.535,0.1539,0.9296,0.2507,1121,6164,7091,537,test
catboost_default,0.2,14911,0.11669237475689088,0.653,0.2196,0.0989,0.3432,0.177,0.9377,0.273,0.8961,0.2148,308,820,12351,1432,val
catboost_default,0.2,14913,0.11117816670019447,0.6477,0.2045,0.0952,0.3337,0.1701,0.9404,0.2631,0.9006,0.2066,282,790,12465,1376,test
catboost_default,0.3,14911,0.11669237475689088,0.653,0.2196,0.0989,0.3432,0.0609,0.9876,0.3941,0.8884,0.1055,106,163,13008,1634,val
catboost_default,0.3,14913,0.11117816670019447,0.6477,0.2045,0.0952,0.3337,0.0639,0.9883,0.4061,0.8941,0.1105,106,155,13100,1552,test
catboost_default,0.4,14911,0.11669237475689088,0.653,0.2196,0.0989,0.3432,0.0253,0.9976,0.5789,0.8857,0.0485,44,32,13139,1696,val
catboost_default,0.4,14913,0.11117816670019447,0.6477,0.2045,0.0952,0.3337,0.0314,0.997,0.5652,0.8916,0.0594,52,40,13215,1606,test
catboost_default,0.5,14911,0.11669237475689088,0.653,0.2196,0.0989,0.3432,0.0075,0.9994,0.619,0.884,0.0148,13,8,13163,1727,val
catboost_default,0.5,14913,0.11117816670019447,0.6477,0.2045,0.0952,0.3337,0.0163,0.9986,0.6,0.8903,0.0317,27,18,13237,1631,test
