image_path,split,wagner_grade,laplacian_var,is_soft_blur,brightness,is_dark,is_bright,contrast_rms,is_low_contrast,saturation_mean,under_exposure_pct,over_exposure_pct,has_border
test/Grade 1/301094_jpg.rf.7d3b7163e735de53aecfcd7afa599c35.jpg,test,0,10.04,True,0.2973,False,False,0.1384,False,0.5504,0.0,0.0,False
test/Grade 1/301508_jpg.rf.2c2f164dce4ad0fbc7073591101e36e0.jpg,train,0,10.89,True,0.2125,False,False,0.0932,False,0.4826,0.0,0.0,False
test/Grade 1/301613_jpg.rf.250d2c749ee82a2b07c39bb419327bda.jpg,test,0,16.9,True,0.5565,False,False,0.1137,False,0.2598,0.0,0.0,False
test/Grade 1/302254_jpg.rf.599d0464dac05b7636e9ba9b7bae5a3c.jpg,train,0,14.23,True,0.4605,False,False,0.1129,False,0.4955,0.0,0.0,False
test/Grade 1/302397_jpg.rf.8a0f22943d1eae8934eeb2dd45158397.jpg,train,0,6.61,True,0.2513,False,False,0.0865,False,0.4698,0.0,0.0,False
test/Grade 1/302446_jpg.rf.bad3e616bcb18b417a628f28ead308cf.jpg,train,0,10.48,True,0.3405,False,False,0.0712,True,0.4945,0.0,0.0,False
test/Grade 1/302708_jpg.rf.882f33a037daa517454888fc82ce3657.jpg,train,0,7.14,True,0.4513,False,False,0.0775,True,0.1942,0.0,0.0,False
test/Grade 1/303154_jpg.rf.647c38fb0e5cd1712296dd4710b07014.jpg,train,0,14.06,True,0.4778,False,False,0.0623,True,0.3036,0.0,0.0,False
test/Grade 1/303600_jpg.rf.c04f1250de5485fd4e25f5fa462fc6b7.jpg,train,0,8.72,True,0.5505,False,False,0.0729,True,0.3338,0.0,0.0,False
test/Grade 1/306052_jpg.rf.180ea8115e98fccd69cd3931763161cd.jpg,train,0,17.92,True,0.3601,False,False,0.0736,True,0.6096,0.0,0.0,False
test/Grade 2/218_jpg.rf.1c424170637f36673edb1627c08cbf1d.jpg,train,1,13.75,True,0.3599,False,False,0.1197,False,0.4506,0.0,0.0,False
test/Grade 2/301443_jpg.rf.252aacacabdc53f6d275826913531b46.jpg,train,1,14.38,True,0.5079,False,False,0.1606,False,0.2952,0.0,0.0,False
test/Grade 2/302013_jpg.rf.f10414d26f33ba8f3564bad3a658102b.jpg,train,1,4.68,True,0.4362,False,False,0.1339,False,0.4158,0.0,0.0,False
test/Grade 2/302323_jpg.rf.b2b95f626d0aec7acfd75c8af3603623.jpg,train,1,4.2,True,0.4772,False,False,0.1399,False,0.5443,0.0,0.0,False
test/Grade 2/302914_jpg.rf.12759b3b63208701aeb6cf4d7bb49787.jpg,train,1,9.14,True,0.43,False,False,0.1598,False,0.3132,0.0,0.0,False
test/Grade 2/303138_jpg.rf.b0a251772baf9e628789a2946e10333d.jpg,test,1,7.82,True,0.46,False,False,0.0774,True,0.506,0.0,0.0,False
test/Grade 2/303228_jpg.rf.0da7a9c0b7840d792a20b69cbd54b024.jpg,train,1,14.72,True,0.309,False,False,0.0864,False,0.6122,0.0,0.0,False
test/Grade 2/303244_jpg.rf.addd3adf3da21ba42d58b53bbf0177a7.jpg,train,1,12.26,True,0.33,False,False,0.0827,False,0.3512,0.0,0.0,False
test/Grade 2/306142_jpg.rf.e72e573b0c85bd6e47c4af58c622ae9d.jpg,train,1,7.93,True,0.5484,False,False,0.0735,True,0.239,0.0,0.0,False
test/Grade 3/302986_jpg.rf.52fc9434eb1562e18187a823e9b7944f.jpg,test,2,18.33,True,0.3293,False,False,0.0558,True,0.3801,0.0,0.0,False
test/Grade 3/303157_jpg.rf.95b6224efef238a23efa36bd6d3c5cd5.jpg,train,2,8.2,True,0.4521,False,False,0.0836,False,0.4816,0.0,0.0,False
test/Grade 4/302851_jpg.rf.8bec370e9055f2b3a7034f1acfa18238.jpg,train,3,7.98,True,0.4309,False,False,0.1602,False,0.305,0.0,0.0,False
test/Grade 4/302950_jpg.rf.ce99a164ee9a3b10da77fd97ba71672d.jpg,train,3,8.41,True,0.2324,False,False,0.117,False,0.5841,0.0,0.0,False
train/Grade 1/151_jpg.rf.c81c6aa586dd03f13c8662d866aa3fcd.jpg,train,0,12.93,True,0.2821,False,False,0.064,True,0.3317,0.0,0.0,False
train/Grade 1/301001_jpg.rf.1f210a38f4a61e15b8a5fd5e0b670d6e.jpg,train,0,12.42,True,0.4094,False,False,0.0711,True,0.5662,0.0,0.0,False
train/Grade 1/301123_jpg.rf.e0c0a32fa58edd17632b0fb07bbce095.jpg,val,0,9.41,True,0.4177,False,False,0.0862,False,0.3854,0.0,0.0,False
train/Grade 1/301131_jpg.rf.de62438aea89e6e938ad73f30d9542cf.jpg,train,0,14.49,True,0.4145,False,False,0.0654,True,0.32,0.0,0.0,False
train/Grade 1/301255_jpg.rf.c0618708c532e7e5ad15a3ac7c953c91.jpg,train,0,17.54,True,0.3489,False,False,0.0865,False,0.4669,0.0,0.0,False
train/Grade 1/301263_jpg.rf.a72e63d334b0307722c81a8dc870f651.jpg,train,0,16.19,True,0.3975,False,False,0.078,True,0.5272,0.0,0.0,False
train/Grade 1/301285_jpg.rf.33741d69d1bac5e84781116d6a587dbd.jpg,train,0,11.92,True,0.5562,False,False,0.1364,False,0.3777,0.0,0.0,False
train/Grade 1/301291_jpg.rf.93583beb3809e3d99ceed3b15f2bc0e1.jpg,val,0,8.11,True,0.3761,False,False,0.0685,True,0.4756,0.0,0.0,False
train/Grade 1/301294_jpg.rf.36407760f2f47ab4a3cf8b4a29abd64c.jpg,train,0,18.31,True,0.2868,False,False,0.079,True,0.6956,0.0,0.0,False
train/Grade 1/301315_jpg.rf.a254c0a9f286fa9be4f03c4ea203a4c6.jpg,train,0,10.09,True,0.452,False,False,0.0894,False,0.3256,0.0,0.0,False
train/Grade 1/301317_jpg.rf.a388a5d693ea62c552e2e074a5bc386e.jpg,train,0,6.7,True,0.4123,False,False,0.093,False,0.4639,0.0,0.0,False
train/Grade 1/301369_jpg.rf.2d3a9e8b9fec2409cd0b3877ea8b6417.jpg,train,0,10.84,True,0.3445,False,False,0.0607,True,0.5301,0.0,0.0,False
train/Grade 1/301394_jpg.rf.05395dbaee3721c5fcd9cd22699946f2.jpg,train,0,5.13,True,0.3315,False,False,0.0619,True,0.4587,0.0,0.0,False
train/Grade 1/301398_jpg.rf.c276810081d9ac3fbef6fa8986116433.jpg,train,0,7.83,True,0.531,False,False,0.0895,False,0.3419,0.0,0.0,False
train/Grade 1/301403_jpg.rf.3e04cb931f727ae1047354e034b984bb.jpg,test,0,4.33,True,0.3925,False,False,0.0873,False,0.7167,0.0,0.0,False
train/Grade 1/301429_jpg.rf.3214ca6ca86d8118ad5d9e54f978da21.jpg,train,0,14.97,True,0.4316,False,False,0.0832,False,0.3454,0.0,0.0,False
train/Grade 1/301517_jpg.rf.d5b8345577a754211f0c0a320024a594.jpg,test,0,5.01,True,0.3658,False,False,0.075,True,0.3403,0.0,0.0,False
train/Grade 1/301589_jpg.rf.1ca94a22a6449f501c926b07d603e929.jpg,train,0,8.86,True,0.4902,False,False,0.0784,True,0.3726,0.0,0.0,False
train/Grade 1/301733_jpg.rf.494e628776dee3e35feeeca852ff80a1.jpg,train,0,12.02,True,0.3839,False,False,0.0406,True,0.4676,0.0,0.0,False
train/Grade 1/301746_jpg.rf.95b0d7780cbe23bb993dbe8c2dc9f07b.jpg,train,0,13.96,True,0.4372,False,False,0.1158,False,0.3334,0.0,0.0,False
train/Grade 1/301765_jpg.rf.d417baf6491d6fc0c411553176f0292f.jpg,train,0,3.01,True,0.322,False,False,0.0698,True,0.4705,0.0,0.0,False
train/Grade 1/301843_jpg.rf.5e5e64464a6c59d78fe91eaf154e3b60.jpg,train,0,5.52,True,0.4981,False,False,0.1215,False,0.2904,0.0,0.0,False
train/Grade 1/301898_jpg.rf.0be498ccf5668c92fa90fcb36dfdffc9.jpg,val,0,4.82,True,0.4976,False,False,0.1027,False,0.4547,0.0,0.0,False
train/Grade 1/301914_jpg.rf.2e91c2a34c68bcf4f1fa5635741e6217.jpg,train,0,6.4,True,0.412,False,False,0.0561,True,0.4581,0.0,0.0,False
train/Grade 1/301918_jpg.rf.77131a06aedd14d24d51ca9edd9fbab6.jpg,train,0,5.85,True,0.2873,False,False,0.0705,True,0.4482,0.0,0.0,False
train/Grade 1/301924_jpg.rf.74d61d1dae20d4a12ee88c919e52a060.jpg,train,0,9.47,True,0.435,False,False,0.0819,False,0.3017,0.0,0.0,False
train/Grade 1/301975_jpg.rf.5d444eed661cefe6ac9bfd73ceb7c058.jpg,train,0,13.11,True,0.3083,False,False,0.0874,False,0.4176,0.0,0.0,False
train/Grade 1/302075_jpg.rf.35778ddb9e51c3c5e6f35498faee067c.jpg,train,0,11.51,True,0.4484,False,False,0.1064,False,0.4333,0.0,0.0,False
train/Grade 1/302091_jpg.rf.362baeac3eaf8c8bb0bc3136ba4af8d8.jpg,train,0,7.95,True,0.4015,False,False,0.0639,True,0.3587,0.0,0.0,False
train/Grade 1/302117_jpg.rf.1757c0dd4eb19939950dbbbf84ad2017.jpg,train,0,3.69,True,0.2708,False,False,0.0738,True,0.3893,0.0,0.0,False
train/Grade 1/302162_jpg.rf.9b5858e9132796975e0f1e2d73aca884.jpg,train,0,13.01,True,0.375,False,False,0.0838,False,0.4692,0.0,0.0,False
train/Grade 1/302176_jpg.rf.9b03af06fceb27750f91f3bc8cc833ec.jpg,train,0,9.54,True,0.2932,False,False,0.0745,True,0.5172,0.0,0.0,False
train/Grade 1/302187_jpg.rf.c1eb6140f218fbfe81cd02a8471d457e.jpg,train,0,15.6,True,0.5011,False,False,0.1019,False,0.602,0.0,0.0,False
train/Grade 1/302188_jpg.rf.ccd974fbddb00520a4c03fdfd0b50373.jpg,train,0,4.66,True,0.5951,False,False,0.0583,True,0.1575,0.0,0.0,False
train/Grade 1/302231_jpg.rf.ad895cbb7c0c985afaa002099f1737be.jpg,test,0,6.58,True,0.307,False,False,0.0691,True,0.4708,0.0,0.0,False
train/Grade 1/302240_jpg.rf.bbb9c0dfefca8815918881fdfba3c553.jpg,train,0,3.05,True,0.3223,False,False,0.0487,True,0.5569,0.0,0.0,False
train/Grade 1/302355_jpg.rf.f1a201977f25f5af19b64ade7fe3302f.jpg,val,0,6.5,True,0.3977,False,False,0.0817,False,0.4739,0.0,0.0,False
train/Grade 1/302363_jpg.rf.a73964f7aaddafbbcd584d3287f66900.jpg,train,0,15.34,True,0.3851,False,False,0.0819,False,0.4408,0.0,0.0,False
train/Grade 1/302383_jpg.rf.096fc6d09b037f66f28bea44a99a3fa0.jpg,val,0,17.45,True,0.287,False,False,0.0757,True,0.6088,0.0,0.0,False
train/Grade 1/302385_jpg.rf.d6d9b1fa54dfb1c8beb91d948afc5c7c.jpg,train,0,12.35,True,0.3588,False,False,0.058,True,0.3439,0.0,0.0,False
train/Grade 1/302395_jpg.rf.72180acfb46bf5b647df7dde1adea221.jpg,train,0,2.64,True,0.334,False,False,0.0509,True,0.6512,0.0,0.0,False
train/Grade 1/302424_jpg.rf.6b4c1b35df1998a7c12c3370b133d03a.jpg,test,0,6.67,True,0.3076,False,False,0.0587,True,0.4196,0.0,0.0,False
train/Grade 1/302460_jpg.rf.b19fce47bf9b8ee7e34672fcf59884a8.jpg,train,0,17.85,True,0.2688,False,False,0.0666,True,0.5578,0.0,0.0,False
train/Grade 1/302461_jpg.rf.6c4e5a95e38b5561d02e1986d0360134.jpg,test,0,7.33,True,0.4103,False,False,0.0976,False,0.4101,0.0,0.0,False
train/Grade 1/302477_jpg.rf.641d1c6546f603ad2091e898cc2c323a.jpg,train,0,13.49,True,0.4453,False,False,0.0452,True,0.4114,0.0,0.0,False
train/Grade 1/302508_jpg.rf.6f6eb13981ab6cf3024915e9f9d11e6b.jpg,train,0,3.93,True,0.5746,False,False,0.1186,False,0.1646,0.0,0.0,False
train/Grade 1/302511_jpg.rf.02a5d8c6e7d8b58ed0abde8c80c4a5cd.jpg,test,0,17.85,True,0.3539,False,False,0.0817,False,0.4597,0.0,0.0,False
train/Grade 1/302524_jpg.rf.e0170fdc31f963ce961e93aeced9da76.jpg,train,0,7.43,True,0.5018,False,False,0.0888,False,0.5205,0.0,0.0,False
train/Grade 1/302567_jpg.rf.e104145d8334ee742b851478a81544dc.jpg,train,0,4.14,True,0.3943,False,False,0.083,False,0.4782,0.0,0.0,False
train/Grade 1/302580_jpg.rf.211a8912888dd24826a94dfd8960452f.jpg,train,0,16.72,True,0.3895,False,False,0.1217,False,0.4314,0.0,0.0,False
train/Grade 1/302634_jpg.rf.826e35a57c154598770c3e7b06e1ab2a.jpg,train,0,3.5,True,0.2173,False,False,0.0516,True,0.7248,0.0,0.0,False
train/Grade 1/302652_jpg.rf.159a477a2a9bd02e038cf3092e3084a0.jpg,train,0,16.18,True,0.3578,False,False,0.0988,False,0.5431,0.0,0.0,False
train/Grade 1/302733_jpg.rf.9cb1dd85e5e3a5752e4f4e1adfb0f166.jpg,val,0,8.71,True,0.4668,False,False,0.1087,False,0.3493,0.0,0.0,False
train/Grade 1/302770_jpg.rf.97887b7df29ef0423f177edf05b3be8b.jpg,train,0,5.75,True,0.3274,False,False,0.0923,False,0.551,0.0,0.0,False
train/Grade 1/302795_jpg.rf.f484f5ac5d275e400a3a6b7b41284770.jpg,train,0,3.51,True,0.3549,False,False,0.0295,True,0.4573,0.0,0.0,False
train/Grade 1/302804_jpg.rf.d4a96eb6222981a697057ce9b2b880ad.jpg,train,0,7.18,True,0.4093,False,False,0.0548,True,0.261,0.0,0.0,False
train/Grade 1/302814_jpg.rf.0ed3ceab8d64edb56dc8c8dfc69b98db.jpg,train,0,4.17,True,0.4628,False,False,0.0866,False,0.3789,0.0,0.0,False
train/Grade 1/302821_jpg.rf.4249cceff15afb76415681375fd466a8.jpg,train,0,11.4,True,0.4497,False,False,0.0559,True,0.3847,0.0,0.0,False
train/Grade 1/303006_jpg.rf.377e334bbf1fc781d2a0d95965d426a4.jpg,test,0,6.88,True,0.5515,False,False,0.0949,False,0.3301,0.0,0.0,False
train/Grade 1/303039_jpg.rf.c43405ef32d3bc36e4d717559d4884f7.jpg,train,0,15.77,True,0.5376,False,False,0.1186,False,0.3245,0.0,0.0,False
train/Grade 1/303053_jpg.rf.c2862acac00516510e949276941359b5.jpg,train,0,16.61,True,0.4273,False,False,0.1413,False,0.4323,0.0,0.0,False
train/Grade 1/303110_jpg.rf.327d968e9a58c2c55bdaeb891e78f96a.jpg,train,0,2.14,True,0.2909,False,False,0.0642,True,0.5545,0.0,0.0,False
train/Grade 1/303111_jpg.rf.fcf8a84a07b7688330b56b0ffcafe710.jpg,train,0,3.6,True,0.2608,False,False,0.0787,True,0.5694,0.0,0.0,False
train/Grade 1/303159_jpg.rf.961d982265db5751dc044e7b96688c54.jpg,train,0,8.46,True,0.2878,False,False,0.0634,True,0.4322,0.0,0.0,False
train/Grade 1/303165_jpg.rf.7d14d1390f361d3ee7fdf00ad8fc4cf8.jpg,train,0,11.18,True,0.21,False,False,0.0835,False,0.631,0.0,0.0,False
train/Grade 1/303239_jpg.rf.3cfcb72a7716fbfcd7c0f5aea4a79548.jpg,train,0,6.02,True,0.4165,False,False,0.0884,False,0.4444,0.0,0.0,False
train/Grade 1/303299_jpg.rf.601b0366104bea3b95785b5090705782.jpg,train,0,8.14,True,0.3169,False,False,0.0566,True,0.4256,0.0,0.0,False
train/Grade 1/303320_jpg.rf.5bb2a65066c1ec75ba0c3bac95965997.jpg,train,0,10.25,True,0.4976,False,False,0.0832,False,0.4063,0.0,0.0,False
train/Grade 1/303324_jpg.rf.063212b238be7440c6ebabd9863d9581.jpg,train,0,15.04,True,0.4143,False,False,0.0536,True,0.4556,0.0,0.0,False
train/Grade 1/303398_jpg.rf.1440373df1d4dd0570665b584273d9f4.jpg,test,0,8.87,True,0.2927,False,False,0.0417,True,0.4708,0.0,0.0,False
train/Grade 1/303554_jpg.rf.6f75432916aae1632daf0f05130bc400.jpg,train,0,6.49,True,0.4371,False,False,0.0637,True,0.3207,0.0,0.0,False
train/Grade 1/303565_jpg.rf.1cbd8392a6138cf6724bb11c324e3fd2.jpg,val,0,12.61,True,0.3622,False,False,0.0973,False,0.411,0.0,0.0,False
train/Grade 1/303596_jpg.rf.f886eb85a0313acb5951239b4baf55e0.jpg,train,0,3.38,True,0.2647,False,False,0.0359,True,0.6928,0.0,0.0,False
train/Grade 1/303605_jpg.rf.f2e5b240d83eba14dc0c4d1ceb03bc88.jpg,train,0,7.11,True,0.496,False,False,0.0716,True,0.3693,0.0,0.0,False
train/Grade 1/303653_jpg.rf.b9c2f6489ed57bdc3790909b454df7e7.jpg,train,0,6.26,True,0.3963,False,False,0.0469,True,0.4336,0.0,0.0,False
train/Grade 1/303680_jpg.rf.996c78899e200786befe8c946a43f5fd.jpg,train,0,11.6,True,0.3641,False,False,0.0675,True,0.4218,0.0,0.0,False
train/Grade 1/303732_jpg.rf.bd1868f6c8236bb2037f97ac017536eb.jpg,train,0,10.79,True,0.3366,False,False,0.0675,True,0.3339,0.0,0.0,False
train/Grade 1/305384_jpg.rf.9c5e933b2d82ca87ef6104ed61e23fba.jpg,test,0,11.48,True,0.3413,False,False,0.0782,True,0.4844,0.0,0.0,False
train/Grade 1/305436_jpg.rf.88e5a1fe37b67ba7b979ca686844524d.jpg,val,0,15.64,True,0.382,False,False,0.0721,True,0.4793,0.0,0.0,False
train/Grade 1/305454_jpg.rf.91a587b9277b97f40268c86f062b5d0d.jpg,train,0,17.9,True,0.4271,False,False,0.072,True,0.4772,0.0,0.0,False
train/Grade 1/305479_jpg.rf.923906949c5b9a8f488c9b127292830e.jpg,train,0,7.61,True,0.2814,False,False,0.0521,True,0.3581,0.0,0.0,False
train/Grade 1/305577_jpg.rf.4fe2c279e732c05b7bec9d32907be200.jpg,train,0,13.76,True,0.2765,False,False,0.0951,False,0.5081,0.0,0.0,False
train/Grade 1/305660_jpg.rf.f13a98c24d5eccc762c462d22e1303bd.jpg,train,0,15.69,True,0.3884,False,False,0.0613,True,0.4532,0.0,0.0,False
train/Grade 1/305692_jpg.rf.bde55f48ec55f6597bdf04da711e3e4b.jpg,train,0,19.07,True,0.3596,False,False,0.0817,False,0.4334,0.0,0.0,False
train/Grade 1/306053_jpg.rf.68f19dc9a0bb2e8793e8e02ca937424f.jpg,train,0,9.02,True,0.3246,False,False,0.0659,True,0.6935,0.0,0.0,False
train/Grade 1/306058_jpg.rf.5d6770700e6de8742806b672ad7ef11c.jpg,val,0,9.39,True,0.3545,False,False,0.0612,True,0.5103,0.0,0.0,False
train/Grade 1/306154_jpg.rf.16b0e8d585386475a11ae8635115ee83.jpg,train,0,8.13,True,0.3174,False,False,0.0349,True,0.2705,0.0,0.0,False
train/Grade 1/306183_jpg.rf.24cd8e9c860f9bc049fffb14d01d44b2.jpg,val,0,19.07,True,0.3523,False,False,0.0809,False,0.4964,0.0,0.0,False
train/Grade 1/30_jpg.rf.9ea20b569767ed9d2f5b1e642bf0e4c2.jpg,train,0,10.33,True,0.3538,False,False,0.101,False,0.6483,0.0,0.0,False
train/Grade 1/450_jpg.rf.09be531df25524b0c8d4ed318e151346.jpg,train,0,17.3,True,0.3556,False,False,0.1435,False,0.4678,0.0,0.0,False
train/Grade 1/C2_jpg.rf.bd4aa6d007ec70a2419d59b004215738.jpg,train,0,17.18,True,0.5524,False,False,0.0515,True,0.3437,0.0,0.0,False
train/Grade 1/Callus-Formation1_jpg.rf.0eb3600e05350d185f09cc527c2fdfd5.jpg,train,0,12.78,True,0.5985,False,False,0.0939,False,0.2238,0.0,0.0,False
train/Grade 1/images-3-_jpg.rf.9f750e8d7d54c3a2715170a14870b27f.jpg,train,0,15.37,True,0.7385,False,False,0.0699,True,0.32,0.0,0.0,False
train/Grade 2/16_jpg.rf.33656361af27b7df4dd512927b7a5983.jpg,train,1,14.99,True,0.2815,False,False,0.0702,True,0.3919,0.0,0.0,False
train/Grade 2/256_jpg.rf.001766e9967c7fac7cd647a6de6812dd.jpg,train,1,13.78,True,0.3807,False,False,0.1072,False,0.3954,0.0,0.0,False
train/Grade 2/258_jpg.rf.7f39e52cefe3bd8ada42a1255f1883a4.jpg,train,1,17.9,True,0.3291,False,False,0.1224,False,0.4275,0.0,0.0,False
train/Grade 2/301050_jpg.rf.4385956359d4bec828daa78cd1bc8dd7.jpg,train,1,11.87,True,0.2778,False,False,0.1915,False,0.4892,0.0,0.0,False
train/Grade 2/301115_jpg.rf.8c04686b5ebb4e47cd21a90e63c44acf.jpg,train,1,7.55,True,0.4009,False,False,0.1039,False,0.4242,0.0,0.0,False
train/Grade 2/301141_jpg.rf.b6b1a69430f3dfaf17d3d8c824640b23.jpg,train,1,15.85,True,0.2443,False,False,0.0512,True,0.5052,0.0,0.0,False
train/Grade 2/301165_jpg.rf.bcfa50f5dc444179d5461bf002917c32.jpg,val,1,12.7,True,0.3149,False,False,0.0627,True,0.4891,0.0,0.0,False
train/Grade 2/301188_jpg.rf.0e37bf0b389f4a65913af47c82cd4c0f.jpg,val,1,10.67,True,0.2006,False,False,0.0417,True,0.5008,0.0,0.0,False
train/Grade 2/301243_jpg.rf.7dbf803e8b6d0945df88fe2a135bd8f2.jpg,train,1,6.63,True,0.3432,False,False,0.0813,False,0.4402,0.0,0.0,False
train/Grade 2/301526_jpg.rf.59135dd517f701df6da3aa4a2882e3d1.jpg,train,1,4.21,True,0.7466,False,False,0.0887,False,0.1205,0.0,0.0,False
train/Grade 2/301579_jpg.rf.6dcb52b27d5b7905fac4b2d9ccc52dad.jpg,train,1,13.11,True,0.2474,False,False,0.09,False,0.57,0.0,0.0,False
train/Grade 2/301735_jpg.rf.45c5906872ca6638576dbaa1f285713f.jpg,train,1,10.29,True,0.2738,False,False,0.0542,True,0.4936,0.0,0.0,False
train/Grade 2/301755_jpg.rf.527ea3d502d366533423e882b7214665.jpg,train,1,8.63,True,0.3483,False,False,0.132,False,0.5036,0.0,0.0,False
train/Grade 2/301780_jpg.rf.e77c174bef7ced4a0d1839b95b042f69.jpg,train,1,3.12,True,0.2308,False,False,0.0859,False,0.6403,0.0,0.0,False
train/Grade 2/301871_jpg.rf.304c46253d73bd41a46cb22e9e9cc5b7.jpg,train,1,10.79,True,0.2015,False,False,0.0973,False,0.5386,0.0,0.0,False
train/Grade 2/301883_jpg.rf.a7f37784cf6d61aa2188bd3113e2ae2a.jpg,val,1,4.81,True,0.4183,False,False,0.127,False,0.4021,0.0,0.0,False
train/Grade 2/301937_jpg.rf.ae3ac6e6aa0c3e81b3724d8d003ce183.jpg,train,1,14.01,True,0.224,False,False,0.0869,False,0.5745,0.0,0.0,False
train/Grade 2/301973_jpg.rf.80054a64d7c4478db139c9d799c1b01d.jpg,train,1,15.16,True,0.3736,False,False,0.0745,True,0.4063,0.0,0.0,False
train/Grade 2/302036_jpg.rf.2359118cd4d6df88b1706c5e94417226.jpg,val,1,11.43,True,0.3632,False,False,0.0928,False,0.3319,0.0,0.0,False
train/Grade 2/302036_jpg.rf.bb54a4ce13c60c73410fdca788e9cd70.jpg,val,1,11.43,True,0.3632,False,False,0.0928,False,0.3319,0.0,0.0,False
train/Grade 2/302047_jpg.rf.030103664483a01f104b1a0ee54d15fd.jpg,train,1,8.94,True,0.3787,False,False,0.1719,False,0.4629,0.0,0.0,False
train/Grade 2/302131_jpg.rf.cc1ab6d3359595cfc6a1c84ba848e057.jpg,train,1,9.65,True,0.5045,False,False,0.0853,False,0.2485,0.0,0.0,False
train/Grade 2/302205_jpg.rf.25b491fbff659b30bb6fbccacb72cce7.jpg,train,1,12.99,True,0.3633,False,False,0.1785,False,0.4324,0.0,0.0,False
train/Grade 2/302211_jpg.rf.bd706817af160fa087adb6ebb722c4a7.jpg,test,1,17.21,True,0.3503,False,False,0.0932,False,0.5184,0.29,0.0,False
train/Grade 2/302294_jpg.rf.baf4cbeadd707740c847d3be876fc2ea.jpg,train,1,12.83,True,0.2635,False,False,0.0715,True,0.5588,0.0,0.0,False
train/Grade 2/302436_jpg.rf.f4c01894c17a950c2d4582598240b73d.jpg,train,1,11.85,True,0.3284,False,False,0.0661,True,0.5926,0.0,0.0,False
train/Grade 2/302549_jpg.rf.15d10f9d3bf86fc4c05a93497fd92a9a.jpg,train,1,5.11,True,0.1557,False,False,0.0314,True,0.4643,0.0,0.0,False
train/Grade 2/302549_jpg.rf.d436d5744a7a9f0ca0165609b363d478.jpg,train,1,16.61,True,0.1402,True,False,0.0532,True,0.4678,9.08,0.0,False
train/Grade 2/302656_jpg.rf.fad800c01b3ab57b4c8e8b3e99e9107e.jpg,train,1,9.58,True,0.2858,False,False,0.0682,True,0.4479,0.0,0.0,False
train/Grade 2/302746_jpg.rf.945aeb3c912663cfb871575b981ba71d.jpg,train,1,18.55,True,0.2986,False,False,0.0733,True,0.5177,0.0,0.0,False
train/Grade 2/302807_jpg.rf.cab26f5246a2b3e622c7a4bc42ab61aa.jpg,train,1,11.57,True,0.3584,False,False,0.0928,False,0.4098,0.0,0.0,False
train/Grade 2/302935_jpg.rf.0844e49fc34bdbc9d66c8ecd711c0152.jpg,train,1,17.41,True,0.3672,False,False,0.1255,False,0.5352,0.0,0.0,False
train/Grade 2/302939_jpg.rf.a7022a38a43667f99813f75eb0e2efac.jpg,train,1,17.24,True,0.3044,False,False,0.1067,False,0.5359,0.0,0.0,False
train/Grade 2/302945_jpg.rf.ec0a0b4f7fc2de3f403db361566e9455.jpg,train,1,11.89,True,0.3086,False,False,0.1017,False,0.5434,0.0,0.0,False
train/Grade 2/303023_jpg.rf.498f8e643a48ca100c02bf5a11ca4329.jpg,val,1,17.21,True,0.3168,False,False,0.0997,False,0.4748,0.0,0.0,False
train/Grade 2/303054_jpg.rf.1094198e9fd5984b70d15dd6a9bb71df.jpg,train,1,16.89,True,0.3392,False,False,0.0922,False,0.5101,0.0,0.0,False
train/Grade 2/303066_jpg.rf.e8fa53509a4f0a4f0c1893f05f733821.jpg,train,1,11.04,True,0.4109,False,False,0.1751,False,0.449,0.0,0.0,False
train/Grade 2/303106_jpg.rf.c9c163b3c8092674b2af8c7453a403d1.jpg,train,1,3.52,True,0.7489,False,False,0.109,False,0.1442,0.0,0.0,False
train/Grade 2/303169_jpg.rf.16442cff2a899b28c44af075eeafef1c.jpg,train,1,17.98,True,0.2442,False,False,0.1009,False,0.5216,0.0,0.0,False
train/Grade 2/303206_jpg.rf.383dea69bf84e49281e3a34d8565495b.jpg,train,1,5.25,True,0.4497,False,False,0.1215,False,0.3354,0.0,0.0,False
train/Grade 2/303316_jpg.rf.b0f39d2c980ec5fefc2ed1c3d7e7e74b.jpg,train,1,10.61,True,0.3772,False,False,0.1143,False,0.3427,0.0,0.0,False
train/Grade 2/303354_jpg.rf.8dcdf51e2409e7809fa1553177dd4f4b.jpg,train,1,12.5,True,0.2728,False,False,0.1472,False,0.5833,0.0,0.0,False
train/Grade 2/303366_jpg.rf.8820a2dd6f2ee51cb752f002596d8a53.jpg,train,1,4.54,True,0.3454,False,False,0.0973,False,0.436,0.0,0.0,False
train/Grade 2/303379_jpg.rf.55899503c20a73c5e60fc0b18e75fe96.jpg,train,1,6.56,True,0.288,False,False,0.0719,True,0.4024,0.0,0.0,False
train/Grade 2/303510_jpg.rf.57afdd537ce277700dcb92288e6ba847.jpg,train,1,14.18,True,0.2218,False,False,0.0614,True,0.5187,0.0,0.0,False
train/Grade 2/303547_jpg.rf.b2ad9a75c6c5c8560f9f2b566d1a4f5f.jpg,train,1,7.18,True,0.2643,False,False,0.052,True,0.5478,0.0,0.0,False
train/Grade 2/303620_jpg.rf.3e9e4d8da3b95da62ce84c32bb94e1bb.jpg,train,1,6.5,True,0.273,False,False,0.1285,False,0.5706,0.0,0.0,False
train/Grade 2/303643_jpg.rf.532e1dd60c073eb69f893fb864c203b0.jpg,train,1,11.14,True,0.4986,False,False,0.0974,False,0.4132,0.0,0.0,False
train/Grade 2/303673_jpg.rf.40b2d0a03e2cbac926ae4f70a4721c0e.jpg,train,1,12.15,True,0.2676,False,False,0.1138,False,0.5295,0.0,0.0,False
train/Grade 2/303696_jpg.rf.65b1583eb8f0a70c64dcaba9758fbc52.jpg,train,1,14.13,True,0.4007,False,False,0.0705,True,0.3881,0.0,0.0,False
train/Grade 2/303702_jpg.rf.25f1fd5855d738ed3dad64e6ad724e10.jpg,train,1,4.35,True,0.2342,False,False,0.0529,True,0.4376,0.0,0.0,False
train/Grade 2/303738_jpg.rf.8c9e863fd96e2ab49ee69c24c0bd3cdd.jpg,train,1,13.88,True,0.2181,False,False,0.0938,False,0.465,0.0,0.0,False
train/Grade 2/303906_jpg.rf.f387afe45c3b8d4748ad858342448050.jpg,train,1,19.89,True,0.3212,False,False,0.0996,False,0.4468,0.0,0.0,False
train/Grade 2/303995_jpg.rf.da54419650facb85efeca65a17ae1c34.jpg,train,1,13.92,True,0.3588,False,False,0.0974,False,0.5436,0.0,0.0,False
train/Grade 2/304546_jpg.rf.57c57c9944d198181eacfb3495c773ab.jpg,val,1,15.37,True,0.3958,False,False,0.0737,True,0.4881,0.0,0.0,False
train/Grade 2/304557_jpg.rf.043c06f5c31a47fda7443d1044f30562.jpg,train,1,12.48,True,0.4116,False,False,0.1793,False,0.5458,0.0,0.0,False
train/Grade 2/304765_jpg.rf.7e78e275a6922d8752e9caaf62735761.jpg,test,1,17.09,True,0.2284,False,False,0.0956,False,0.6321,0.0,0.0,False
train/Grade 2/304864_jpg.rf.16bd1af3ee790b8ca5d7cbfe1fac4964.jpg,train,1,7.73,True,0.3822,False,False,0.1902,False,0.3876,0.0,0.0,False
train/Grade 2/304867_jpg.rf.95ff910da5f4a58c76d936367f908dd6.jpg,train,1,13.96,True,0.6779,False,False,0.1436,False,0.3876,0.0,1.02,False
train/Grade 2/304921_jpg.rf.39adecc1fddaba5d4d8231b9fc8a80ad.jpg,train,1,16.91,True,0.4311,False,False,0.1105,False,0.4307,0.0,0.0,False
train/Grade 2/305099_jpg.rf.5b2b7ee866b354531355090ab710bd27.jpg,train,1,6.27,True,0.1939,False,False,0.0655,True,0.5162,0.0,0.0,False
train/Grade 2/305110_jpg.rf.09c063a0eaa3620c25642d755eed188e.jpg,train,1,5.42,True,0.5582,False,False,0.143,False,0.1943,0.0,0.0,False
train/Grade 2/305127_jpg.rf.71c5962aab5289066ae4bdbcec3b16d8.jpg,train,1,18.48,True,0.3683,False,False,0.1092,False,0.495,0.0,0.0,False
train/Grade 2/305211_jpg.rf.52c00d7e27451b2f94c374fb9a12dba6.jpg,val,1,8.82,True,0.2001,False,False,0.0688,True,0.6379,0.0,0.0,False
train/Grade 2/305271_jpg.rf.3c019053a79d55566dfa6850a991e1d5.jpg,train,1,18.84,True,0.3687,False,False,0.1243,False,0.4346,0.0,0.0,False
train/Grade 2/305416_jpg.rf.77e80b34b0fb3892f4a8e333ba651edb.jpg,train,1,16.55,True,0.4232,False,False,0.0664,True,0.3681,0.0,0.0,False
train/Grade 2/305461_jpg.rf.5dd46a224282d9883279f1069d64c9e6.jpg,train,1,6.56,True,0.2836,False,False,0.0952,False,0.5515,0.0,0.0,False
train/Grade 2/305548_jpg.rf.1ccae79901e5c2ac7e8ccfa2d9c720f0.jpg,train,1,8.38,True,0.3173,False,False,0.1102,False,0.536,0.0,0.0,False
train/Grade 2/305595_jpg.rf.16b417ffa43432e5c42b587eb6f8fd30.jpg,train,1,4.62,True,0.1949,False,False,0.0841,False,0.6694,0.0,0.0,False
train/Grade 2/305709_jpg.rf.98c3493ed56518de3cbf63ba3dfb4c44.jpg,train,1,16.68,True,0.443,False,False,0.1041,False,0.5753,0.0,0.0,False
train/Grade 2/305719_jpg.rf.2b5a0ea7d531560a6f35f215405c1e2e.jpg,train,1,14.48,True,0.3938,False,False,0.0895,False,0.4138,0.0,0.0,False
train/Grade 2/305765_jpg.rf.db17944e2d44576b82cb3f4535109e32.jpg,train,1,3.47,True,0.3223,False,False,0.088,False,0.3324,0.0,0.0,False
train/Grade 2/306112_jpg.rf.6cf352e7fbc03bccd7d6b487555f4a79.jpg,train,1,17.84,True,0.2535,False,False,0.0964,False,0.6053,0.0,0.0,False
train/Grade 2/345_jpg.rf.88900d44e3c57f7c89119f8ad02ac0af.jpg,val,1,19.34,True,0.3296,False,False,0.0787,True,0.689,0.0,0.0,False
train/Grade 2/501292_jpg.rf.06a2b7970e0a8836549b6d50f6383a08.jpg,train,1,7.87,True,0.1988,False,False,0.1363,False,0.646,0.0,0.0,False
train/Grade 2/501386_jpg.rf.78c32f5f15845420ba03763a0197da71.jpg,train,1,13.55,True,0.3186,False,False,0.0934,False,0.4575,0.0,0.0,False
train/Grade 2/501500_jpg.rf.b2ddf1d0e9ce89eed49e55df5c17194d.jpg,train,1,10.72,True,0.2925,False,False,0.1588,False,0.5024,0.0,0.0,False
train/Grade 2/501502_jpg.rf.190443db1c9162376525b6e9d2749334.jpg,train,1,14.1,True,0.3586,False,False,0.0766,True,0.538,0.0,0.0,False
train/Grade 2/501775_jpg.rf.9f9f9d50a2beb0f4eb9cdaa44e79effd.jpg,train,1,12.52,True,0.2651,False,False,0.0654,True,0.4099,0.0,0.0,False
train/Grade 2/501798_jpg.rf.7c75c496ad7d8a9e44533c74a76806a2.jpg,val,1,9.42,True,0.3148,False,False,0.0517,True,0.3907,0.0,0.0,False
train/Grade 2/9_jpg.rf.5581e77fd35a4d30286e84f79af2a6af.jpg,train,1,17.77,True,0.341,False,False,0.0993,False,0.6259,0.0,0.0,False
train/Grade 3/257_jpg.rf.738a3e4a942d3bc792c3fdf2283a7f66.jpg,train,2,18.61,True,0.4668,False,False,0.1505,False,0.4062,0.0,0.0,False
train/Grade 3/301041_jpg.rf.77db831b51a09d634243813fd0f67690.jpg,train,2,15.57,True,0.4239,False,False,0.0905,False,0.2724,0.0,0.0,False
train/Grade 3/301084_jpg.rf.c309684175d1ecbbf9e090ff53e05cbb.jpg,train,2,10.17,True,0.4306,False,False,0.1094,False,0.4841,0.0,0.0,False
train/Grade 3/301120_jpg.rf.4a4243df48a6c65fd25947eca1e0fd7e.jpg,test,2,19.11,True,0.3563,False,False,0.0603,True,0.2681,0.0,0.0,False
train/Grade 3/301147_jpg.rf.9af68ac238b63b7ae9701f4e143cdb7c.jpg,train,2,15.14,True,0.4438,False,False,0.0667,True,0.2502,0.0,0.0,False
train/Grade 3/301216_jpg.rf.d4e3bd17fb56854426c0f18edcd7ffe6.jpg,val,2,12.16,True,0.3493,False,False,0.1308,False,0.4542,0.0,0.0,False
train/Grade 3/301298_jpg.rf.5ec270564b04724509d16b505a69fa49.jpg,train,2,7.12,True,0.4116,False,False,0.1017,False,0.4808,0.0,0.0,False
train/Grade 3/301595_jpg.rf.5b0f610b23007d49039608a5ff2086ba.jpg,train,2,18.85,True,0.4152,False,False,0.1284,False,0.2243,0.0,0.0,False
train/Grade 3/301942_jpg.rf.9d44419f6563908b2f1bb4a05774fcf1.jpg,test,2,6.67,True,0.4895,False,False,0.1191,False,0.282,0.0,0.0,False
train/Grade 3/302321_jpg.rf.e78c8de731a770831879a36c82fb829d.jpg,train,2,6.96,True,0.5194,False,False,0.0652,True,0.3644,0.0,0.0,False
train/Grade 3/302328_jpg.rf.3c614809c01b6aade80bdea34d88d6ad.jpg,train,2,8.97,True,0.3663,False,False,0.0944,False,0.3759,0.0,0.0,False
train/Grade 3/302596_jpg.rf.984c1e4e9ca77da7f1eee36aa81a4ac3.jpg,val,2,11.05,True,0.3868,False,False,0.1033,False,0.3463,0.0,0.0,False
train/Grade 3/302669_jpg.rf.2f30a090322dba9184d919c4b5148a57.jpg,train,2,9.51,True,0.2492,False,False,0.1684,False,0.5824,2.43,0.0,False
train/Grade 3/302853_jpg.rf.ff4dc4e5616c18e718eeca36fb71c24e.jpg,val,2,16.88,True,0.4337,False,False,0.0983,False,0.3775,0.0,0.0,False
train/Grade 3/302869_jpg.rf.b38ae3407ce01c47d31b94e01494f074.jpg,train,2,5.04,True,0.7091,False,False,0.0865,False,0.3151,0.0,0.0,False
train/Grade 3/302987_jpg.rf.42227bb46190370b92b0723d9114a773.jpg,train,2,5.4,True,0.4766,False,False,0.1074,False,0.3163,0.0,0.0,False
train/Grade 3/303048_jpg.rf.62cfdb113a37ab7985fbc682717613c4.jpg,train,2,11.48,True,0.3998,False,False,0.0548,True,0.4308,0.0,0.0,False
train/Grade 3/303272_jpg.rf.22a4dc16c0292ed322d3915afe4854b7.jpg,train,2,8.39,True,0.5217,False,False,0.0687,True,0.344,0.0,0.0,False
train/Grade 3/303272_jpg.rf.d3cfb80a11796381b19e3d695654dba9.jpg,train,2,16.58,True,0.5217,False,False,0.0687,True,0.3439,0.0,0.0,False
train/Grade 3/303519_jpg.rf.ae931f1b457ccdf8ad8f1202c6002cba.jpg,train,2,15.64,True,0.5981,False,False,0.1643,False,0.4339,0.0,0.0,False
train/Grade 3/303520_jpg.rf.9d33f3d97d6911dec650d3a8fc4f17bf.jpg,train,2,7.89,True,0.473,False,False,0.0984,False,0.2378,0.0,0.0,False
train/Grade 3/303521_jpg.rf.9b416bb8c876d0198975ef09aa8f2a97.jpg,val,2,11.74,True,0.3056,False,False,0.0573,True,0.4021,0.0,0.0,False
train/Grade 3/303770_jpg.rf.2ea17d4af9c8c31a9ef3e17475d9786a.jpg,train,2,17.07,True,0.3671,False,False,0.1362,False,0.5698,0.0,0.0,False
train/Grade 3/303948_jpg.rf.86d2b1d9c12075d3b92d389394b74695.jpg,val,2,9.65,True,0.213,False,False,0.0631,True,0.4919,0.0,0.0,False
train/Grade 3/303950_jpg.rf.1c4e225f578611b56f60e8897cef2cbc.jpg,train,2,10.03,True,0.6862,False,False,0.109,False,0.157,0.0,0.0,False
train/Grade 3/304032_jpg.rf.c56b8584eaf35457b517101af12bd178.jpg,train,2,18.65,True,0.6054,False,False,0.0819,False,0.4027,0.0,0.0,False
train/Grade 3/304033_jpg.rf.084fcfc0eee3b3292f2382b7493f2922.jpg,train,2,16.29,True,0.5515,False,False,0.0679,True,0.2423,0.0,0.0,False
train/Grade 3/304047_jpg.rf.53431ae72eeff3dd42e7175381ae15be.jpg,train,2,14.21,True,0.3755,False,False,0.0765,True,0.3452,0.0,0.0,False
train/Grade 3/304065_jpg.rf.e35a59fffcff6eae83854a0658206740.jpg,train,2,5.74,True,0.4146,False,False,0.0528,True,0.3479,0.0,0.0,False
train/Grade 3/304170_jpg.rf.ea58c7157940ab47e242ac6757bd33cc.jpg,train,2,7.74,True,0.5603,False,False,0.0736,True,0.3061,0.0,0.0,False
train/Grade 3/304274_jpg.rf.a28f83f74065e285ec87267180d8d6ed.jpg,train,2,17.92,True,0.5,False,False,0.1652,False,0.2148,0.0,0.0,False
train/Grade 3/304593_jpg.rf.d09ee9d97f07afa6b304156b462652b8.jpg,train,2,10.47,True,0.5139,False,False,0.1588,False,0.3753,0.0,0.0,False
train/Grade 3/304622_jpg.rf.1d6db53c332fafc2fc3715a63b82bf05.jpg,train,2,16.26,True,0.3118,False,False,0.0682,True,0.5965,0.0,0.0,False
train/Grade 3/304634_jpg.rf.3a3e6d1484e33d5c2548ba6db7919760.jpg,test,2,8.36,True,0.5717,False,False,0.0863,False,0.2078,0.0,0.0,False
train/Grade 3/304678_jpg.rf.e2eb5f2d29af3f1e359cbf9601f38363.jpg,train,2,18.47,True,0.6448,False,False,0.2207,False,0.2995,0.0,0.0,False
train/Grade 3/304779_jpg.rf.af4c1c2e7574039c1e54dcb5771fb219.jpg,train,2,9.83,True,0.3401,False,False,0.0924,False,0.3146,0.0,0.0,False
train/Grade 3/304853_jpg.rf.8552b82741d11a76ffac712026855f3d.jpg,test,2,12.69,True,0.3978,False,False,0.089,False,0.3838,0.0,0.0,False
train/Grade 3/304866_jpg.rf.323d8c51363b37fcdd97dcd113469008.jpg,train,2,6.3,True,0.4292,False,False,0.0586,True,0.415,0.0,0.0,False
train/Grade 3/304910_jpg.rf.328393a2873c5ba7d0e16e6abd9df0b4.jpg,val,2,19.43,True,0.2887,False,False,0.1249,False,0.4972,0.0,0.0,False
train/Grade 3/304916_jpg.rf.7ae6567e330119ef094dab1d1ec095f3.jpg,train,2,10.39,True,0.5364,False,False,0.1483,False,0.2906,0.0,0.0,False
train/Grade 3/305003_jpg.rf.382688abbdbcb425e05782c933ec9c46.jpg,train,2,10.93,True,0.3686,False,False,0.0912,False,0.4648,0.0,0.0,False
train/Grade 3/305043_jpg.rf.78374b06ada4f978418316729914e593.jpg,train,2,13.22,True,0.3186,False,False,0.0934,False,0.5329,0.0,0.0,False
train/Grade 3/305116_jpg.rf.fd1d5cb4fcdf80371bf55430747ddc26.jpg,train,2,6.25,True,0.4135,False,False,0.055,True,0.3245,0.0,0.0,False
train/Grade 3/305232_jpg.rf.87f6791583b6eee2055ffe48d907847d.jpg,train,2,14.93,True,0.465,False,False,0.0863,False,0.2077,0.0,0.0,False
train/Grade 3/305241_jpg.rf.df91843f1ac5a08b5d8caa1f3d281d5e.jpg,train,2,7.63,True,0.2878,False,False,0.08,True,0.2911,0.0,0.0,False
train/Grade 3/305249_jpg.rf.bc0bc368745d09fb7d833a309c17945d.jpg,train,2,13.2,True,0.3136,False,False,0.0725,True,0.3793,0.0,0.0,False
train/Grade 3/305351_jpg.rf.e80774f329dcd5d93707c2f55ea30b1e.jpg,train,2,9.08,True,0.3959,False,False,0.2158,False,0.5335,0.74,0.0,False
train/Grade 3/305380_jpg.rf.dc40efcd4efab54de8a8e88cfb75f237.jpg,train,2,17.08,True,0.5634,False,False,0.0663,True,0.2997,0.0,0.0,False
train/Grade 3/305404_jpg.rf.b2a6acd7ccacda5f476c7d178f0d6fbf.jpg,train,2,7.28,True,0.3082,False,False,0.0901,False,0.3213,0.0,0.0,False
train/Grade 3/305443_jpg.rf.c1eb3cbd1e2aaae9a6af693639f2487e.jpg,train,2,10.34,True,0.4303,False,False,0.0977,False,0.2247,0.0,0.0,False
train/Grade 3/305483_jpg.rf.1a7b97b1988c3e85ca29e1f5c57db9c8.jpg,train,2,14.4,True,0.446,False,False,0.1198,False,0.291,0.0,0.0,False
train/Grade 3/305495_jpg.rf.beb7f3d25d40670d10b4d208b456bf52.jpg,test,2,8.39,True,0.3959,False,False,0.0782,True,0.5117,0.0,0.0,False
train/Grade 3/305590_jpg.rf.0870705cd50cdb38e7bb09e7d17f1454.jpg,train,2,6.98,True,0.4501,False,False,0.1284,False,0.2739,0.0,0.0,False
train/Grade 3/305610_jpg.rf.e09976508c206a7c3e5aa7246bb6182f.jpg,test,2,8.05,True,0.4011,False,False,0.1091,False,0.38,0.0,0.0,False
train/Grade 3/305657_jpg.rf.6f909df0a4ca334f54db1e908a143d2b.jpg,train,2,5.3,True,0.3958,False,False,0.0703,True,0.5092,0.0,0.0,False
train/Grade 3/305706_jpg.rf.24fe4a320bfe4d14836b063f549d4f0f.jpg,train,2,19.81,True,0.2669,False,False,0.1026,False,0.5293,0.0,0.0,False
train/Grade 3/305804_jpg.rf.99884f3f6e3f77a969f695043b52b42f.jpg,train,2,8.05,True,0.4243,False,False,0.0932,False,0.4918,0.0,0.0,False
train/Grade 3/305807_jpg.rf.3231a9dc192fbd043e8f69d41a728973.jpg,train,2,8.58,True,0.4271,False,False,0.0689,True,0.4994,0.0,0.0,False
train/Grade 3/306070_jpg.rf.b528fc2fd4981e13b4b0bbf933a52ee6.jpg,test,2,10.2,True,0.556,False,False,0.0503,True,0.3701,0.0,0.0,False
train/Grade 3/306104_jpg.rf.6bd52315ee4cd6516bc916526a1673a8.jpg,train,2,17.7,True,0.5637,False,False,0.1124,False,0.3847,0.0,0.0,False
train/Grade 3/306119_jpg.rf.56296bf09da758919db9f1c84e29c48c.jpg,train,2,5.45,True,0.3127,False,False,0.0676,True,0.3182,0.0,0.0,False
train/Grade 3/306164_jpg.rf.73144e133bba7a9cf7f98b01bc57315a.jpg,val,2,10.44,True,0.4038,False,False,0.0517,True,0.3532,0.0,0.0,False
train/Grade 3/41_jpg.rf.7f1658a28a6b8e3748b1486f1374ac78.jpg,test,2,10.38,True,0.5501,False,False,0.0921,False,0.4903,0.0,0.0,False
train/Grade 3/452_jpg.rf.68b94f52a4242da1d66a359e533c3933.jpg,train,2,12.98,True,0.5019,False,False,0.1266,False,0.306,1.26,0.0,False
train/Grade 4/301391_jpg.rf.c74043a0fe3c2a8b628567be5cd11ba9.jpg,train,3,7.15,True,0.2731,False,False,0.072,True,0.4622,0.0,0.0,False
train/Grade 4/301407_jpg.rf.d7ea1616fd8fb7253290477a55aa8c0f.jpg,test,3,17.54,True,0.4215,False,False,0.1341,False,0.3057,0.0,0.0,False
train/Grade 4/301641_jpg.rf.0aa05c3bb954585955c1c52bc57644c3.jpg,test,3,16.59,True,0.4811,False,False,0.1332,False,0.2851,0.0,0.0,False
train/Grade 4/301679_jpg.rf.8f293e5f483e6651d83c201ba0f40a45.jpg,train,3,19.72,True,0.4165,False,False,0.1481,False,0.2891,0.0,0.0,False
train/Grade 4/301809_jpg.rf.1870c097ea9dc4317b464ea18f56a2e7.jpg,val,3,13.36,True,0.3312,False,False,0.0847,False,0.39,0.0,0.0,False
train/Grade 4/301829_jpg.rf.7c600e45025492d33d3ead267ec34de2.jpg,train,3,6.05,True,0.2561,False,False,0.0745,True,0.4223,0.0,0.0,False
train/Grade 4/301965_jpg.rf.f39fd47e8545fd462e9a92dc6c048218.jpg,val,3,4.32,True,0.252,False,False,0.1449,False,0.1353,0.0,0.0,False
train/Grade 4/302143_jpg.rf.d70649635992ad1599950e6e3d02f374.jpg,val,3,17.29,True,0.2939,False,False,0.1057,False,0.4526,0.0,0.0,False
train/Grade 4/302173_jpg.rf.705593298f4e294d97b18f021c615a5a.jpg,train,3,12.77,True,0.1338,True,False,0.0866,False,0.5412,0.65,0.0,False
train/Grade 4/302249_jpg.rf.0801b980a165c09de5cc161245c05289.jpg,train,3,4.31,True,0.2484,False,False,0.1472,False,0.128,0.0,0.0,False
train/Grade 4/302372_jpg.rf.b50f99ba76b6f82da0f70c750f5b4f23.jpg,train,3,19.9,True,0.5029,False,False,0.1703,False,0.258,0.0,0.0,False
train/Grade 4/302378_jpg.rf.74abd865b4d4ca0a583963ca63741c8d.jpg,train,3,3.41,True,0.2438,False,False,0.0689,True,0.448,0.0,0.0,False
train/Grade 4/302514_jpg.rf.5b7c1a028799ce1b46683a1c69f68925.jpg,train,3,17.31,True,0.3522,False,False,0.0636,True,0.3822,0.0,0.0,False
train/Grade 4/302541_jpg.rf.2d05425dafd9fb20cf96594d48683b5e.jpg,train,3,18.38,True,0.3951,False,False,0.1798,False,0.3621,0.0,0.0,False
train/Grade 4/302601_jpg.rf.6541a93b0064af82fcbbf654d4054ad9.jpg,train,3,12.97,True,0.4705,False,False,0.1125,False,0.3852,0.0,0.0,False
train/Grade 4/302638_jpg.rf.6330ea272aaf6e3cc1bf8bdf76eaaadb.jpg,train,3,4.29,True,0.2914,False,False,0.0763,True,0.3304,0.0,0.0,False
train/Grade 4/302731_jpg.rf.5a326787bf73db572c47d2d1c4c58d0b.jpg,train,3,4.56,True,0.3016,False,False,0.0666,True,0.4094,0.0,0.0,False
train/Grade 4/302752_jpg.rf.d39cc58f66476dca9b439d6795a4201d.jpg,train,3,13.82,True,0.3217,False,False,0.096,False,0.5301,0.0,0.0,False
train/Grade 4/302910_jpg.rf.a33b8f1225f8713ba3f4d0a026fa4196.jpg,test,3,4.3,True,0.2631,False,False,0.0783,True,0.6044,0.0,0.0,False
train/Grade 4/302991_jpg.rf.05e3d2252bd40cfbeaf77a7a301d7ca1.jpg,train,3,18.15,True,0.3416,False,False,0.1218,False,0.4219,0.0,0.0,False
train/Grade 4/303026_jpg.rf.6c89b06f6fa319c473309fbb518d8018.jpg,train,3,6.55,True,0.2998,False,False,0.1385,False,0.3875,0.0,0.0,False
train/Grade 4/303032_jpg.rf.7804622533c9e13f90a5da81979608c1.jpg,train,3,5.27,True,0.2778,False,False,0.0912,False,0.5402,0.0,0.0,False
train/Grade 4/303194_jpg.rf.32d22efa6416bf1dec6afc34fc01c599.jpg,train,3,3.13,True,0.4306,False,False,0.0701,True,0.2793,0.0,0.0,False
train/Grade 4/303330_jpg.rf.ef63746cd20c4381e339a49544a0a5c1.jpg,train,3,13.15,True,0.3291,False,False,0.0842,False,0.4561,0.0,0.0,False
train/Grade 4/303446_jpg.rf.8d723cbc13bedd47010d77719a640ed2.jpg,train,3,6.46,True,0.1735,False,False,0.0381,True,0.5574,0.0,0.0,False
train/Grade 4/303508_jpg.rf.a8c0b22ce9825a43b0ad86dfcccd943a.jpg,train,3,13.33,True,0.4717,False,False,0.1395,False,0.2697,0.0,0.0,False
train/Grade 4/303805_jpg.rf.ee516731b83af5579b648fc0279317a6.jpg,train,3,10.85,True,0.1884,False,False,0.1202,False,0.4421,1.43,0.0,False
train/Grade 4/303990_jpg.rf.5d4e9b60a6e07339b029c939f662a771.jpg,train,3,12.6,True,0.3309,False,False,0.1195,False,0.6129,0.0,0.0,False
train/Grade 4/304671_jpg.rf.6e7df0fc68cf29fef5f7a537aa73749f.jpg,train,3,13.41,True,0.3103,False,False,0.1562,False,0.5132,0.0,0.0,False
train/Grade 4/304909_jpg.rf.38a51305bb4d5bc5ebbf40d0e958f246.jpg,test,3,8.3,True,0.34,False,False,0.1075,False,0.2766,0.0,0.0,False
train/Grade 4/305009_jpg.rf.385d8b7fbf03cbf2ec4dd8ebfe4ce90b.jpg,train,3,16.57,True,0.2873,False,False,0.1223,False,0.4717,0.0,0.0,False
train/Grade 4/305528_jpg.rf.33253f9ad92d1a077ac1ae703b8da598.jpg,train,3,10.66,True,0.2994,False,False,0.0988,False,0.4541,0.0,0.0,False
train/Grade 4/371_jpg.rf.b329c65e335a564b198f3caad6ddf355.jpg,train,3,18.07,True,0.3964,False,False,0.1852,False,0.3289,0.0,0.0,False
train/Grade 4/402848_jpg.rf.2ec63d68c2287c2016ea1f0d83034ad6.jpg,train,3,15.75,True,0.3758,False,False,0.1587,False,0.4379,0.0,0.0,False
train/Grade 4/501380_jpg.rf.6e5bf90fa4cf8683d6fefdfbf6936d6b.jpg,train,3,12.59,True,0.3029,False,False,0.2226,False,0.3744,0.0,0.0,False
train/Grade 4/501586_jpg.rf.75c0ff0159a6a7acc44fb9c695bf5d0e.jpg,train,3,2.7,True,0.2238,False,False,0.1006,False,0.6236,0.0,0.0,False
train/Grade 4/501636_jpg.rf.31d429b4f4e77df1e3417ba725c68f29.jpg,train,3,11.99,True,0.438,False,False,0.1111,False,0.3763,0.0,0.0,False
train/Grade 4/501642_jpg.rf.572d3b3f81d26b3db951f4cdc2bd34db.jpg,train,3,6.16,True,0.3215,False,False,0.0878,False,0.2721,0.0,0.0,False
train/Grade 4/501654_jpg.rf.282ac3e963a883dd30fa6edc6207783f.jpg,train,3,8.53,True,0.2688,False,False,0.1494,False,0.4459,0.0,0.0,False
valid/Grade 1/301031_jpg.rf.fc200192684e7a4d03710fd13b5ceb03.jpg,val,0,6.29,True,0.3171,False,False,0.0728,True,0.548,0.0,0.0,False
valid/Grade 1/301083_jpg.rf.7fd45f9f2c46736a9296c647a7bbdc11.jpg,train,0,3.12,True,0.5084,False,False,0.0444,True,0.403,0.0,0.0,False
valid/Grade 1/301190_jpg.rf.9ab89ecf6828f572c0b113ba3502b928.jpg,train,0,18.26,True,0.3215,False,False,0.0611,True,0.4782,0.0,0.0,False
valid/Grade 1/301282_jpg.rf.f73c1c0416ae0a3bdaf48b0ffaa91cff.jpg,train,0,6.8,True,0.3484,False,False,0.0799,True,0.3579,0.0,0.0,False
valid/Grade 1/301309_jpg.rf.f9237a75ee7f6323d5f44dcf77bdc2be.jpg,train,0,18.68,True,0.3587,False,False,0.1012,False,0.3834,0.0,0.0,False
valid/Grade 1/301351_jpg.rf.03944d5c4bc643102012803d154a26ae.jpg,train,0,6.26,True,0.6895,False,False,0.0802,False,0.2896,0.0,0.0,False
valid/Grade 1/301431_jpg.rf.b0bfd882816049791236c50ee9c1c104.jpg,train,0,12.8,True,0.4777,False,False,0.1089,False,0.5082,0.0,0.0,False
valid/Grade 1/301492_jpg.rf.05ff4faae208d6b8b49a91250cb41c19.jpg,train,0,10.78,True,0.3588,False,False,0.1136,False,0.4519,0.0,0.0,False
valid/Grade 1/301528_jpg.rf.75264ce19dc3136aa581723122ec1173.jpg,train,0,18.26,True,0.3511,False,False,0.0796,True,0.5648,0.0,0.0,False
valid/Grade 1/301787_jpg.rf.be2200d99c9a093d12745ed3171ac30d.jpg,test,0,7.26,True,0.3979,False,False,0.032,True,0.4751,0.0,0.0,False
valid/Grade 1/301820_jpg.rf.9e756b27758cc38744743a62ccb726aa.jpg,train,0,6.31,True,0.2448,False,False,0.0747,True,0.5634,0.0,0.0,False
valid/Grade 1/301969_jpg.rf.967acab8f4c9739f7a12131e919ab224.jpg,train,0,18.27,True,0.3864,False,False,0.0792,True,0.4871,0.0,0.0,False
valid/Grade 1/302029_jpg.rf.ec149a67b229b911678df9daa85d103b.jpg,train,0,11.66,True,0.6936,False,False,0.0951,False,0.2599,0.0,0.0,False
valid/Grade 1/302043_jpg.rf.3367fb3d80fe0042b11bb7f66c6f8676.jpg,val,0,7.25,True,0.209,False,False,0.0494,True,0.5625,0.0,0.0,False
valid/Grade 1/302273_jpg.rf.51f29afc719ea03ba20ef512b3017a03.jpg,train,0,9.67,True,0.2821,False,False,0.0643,True,0.5028,0.0,0.0,False
valid/Grade 1/302626_jpg.rf.124d9d5bbb41ed3605423a2d96418f0d.jpg,train,0,11.3,True,0.3879,False,False,0.0556,True,0.4229,0.0,0.0,False
valid/Grade 1/302628_jpg.rf.68140543ea7ac1b76e428fe2034e8887.jpg,train,0,4.72,True,0.2765,False,False,0.049,True,0.4919,0.0,0.0,False
valid/Grade 1/302691_jpg.rf.5fc105f943e898c2a1de6a73117c4637.jpg,test,0,8.14,True,0.3508,False,False,0.0885,False,0.5185,0.0,0.0,False
valid/Grade 1/303058_jpg.rf.96456607293f12ec8220e9cec3c30997.jpg,train,0,16.14,True,0.4058,False,False,0.0702,True,0.4296,0.0,0.0,False
valid/Grade 1/303378_jpg.rf.d40eead7c72b332d4b7d3e90e0918a17.jpg,train,0,7.09,True,0.5766,False,False,0.0625,True,0.3223,0.0,0.0,False
valid/Grade 1/305342_jpg.rf.a1e9c1df8edb549ed5e38c5f5164b258.jpg,train,0,3.43,True,0.3356,False,False,0.0356,True,0.4921,0.0,0.0,False
valid/Grade 1/305591_jpg.rf.806b0d269d3de55f3d1fa470f50a9e08.jpg,test,0,3.18,True,0.3278,False,False,0.0598,True,0.5907,0.0,0.0,False
valid/Grade 1/305738_jpg.rf.84279f19a7570941874980fb34ea7ae2.jpg,train,0,7.07,True,0.5394,False,False,0.0874,False,0.3418,0.0,0.0,False
valid/Grade 1/306071_jpg.rf.9908af75dcda2f6112b8cef50b9ad454.jpg,train,0,10.55,True,0.4283,False,False,0.0912,False,0.4191,0.0,0.0,False
valid/Grade 1/306122_jpg.rf.d698392008df9c761e998afd22d845eb.jpg,train,0,16.28,True,0.525,False,False,0.0529,True,0.2506,0.0,0.0,False
valid/Grade 1/306138_jpg.rf.5a5762f97a60faa103062a0081f0379e.jpg,train,0,6.41,True,0.4727,False,False,0.0644,True,0.294,0.0,0.0,False
valid/Grade 1/324_jpg.rf.f7c2129842a8c87e0b9ab20a37c8a6ae.jpg,train,0,19.89,True,0.3306,False,False,0.1338,False,0.4781,0.03,0.0,False
valid/Grade 1/C3_jpg.rf.91444a42bea079fb7b5fd6073e0288ab.jpg,train,0,9.82,True,0.5326,False,False,0.0734,True,0.3513,0.0,0.0,False
valid/Grade 1/images-27-_jpg.rf.fd36f4c646ea05483755d9d643688a1f.jpg,train,0,13.77,True,0.5911,False,False,0.0898,False,0.2566,0.0,0.0,False
valid/Grade 2/301017_jpg.rf.10a6c487a39005d1fbd221987547aed0.jpg,train,1,13.77,True,0.2052,False,False,0.0517,True,0.5759,0.0,0.0,False
valid/Grade 2/301370_jpg.rf.e4275f2e0bd5ea19313a53ebf94526cf.jpg,train,1,19.39,True,0.5456,False,False,0.1366,False,0.3623,0.0,0.0,False
valid/Grade 2/301630_jpg.rf.1f1690510b4217ee6075a19518ac2557.jpg,val,1,10.85,True,0.3081,False,False,0.0832,False,0.5831,0.0,0.0,False
valid/Grade 2/301699_jpg.rf.72b863d9318ddea80daf0d7852e07173.jpg,train,1,4.39,True,0.7234,False,False,0.0784,True,0.1589,0.0,0.0,False
valid/Grade 2/301782_jpg.rf.cfca92b5a27e79520f60b08474f6b982.jpg,train,1,5.58,True,0.5372,False,False,0.1392,False,0.2188,0.0,0.0,False
valid/Grade 2/301817_jpg.rf.56e9c7134d4ad5bcea9943a068760b08.jpg,train,1,12.61,True,0.3205,False,False,0.109,False,0.4644,0.0,0.0,False
valid/Grade 2/302506_jpg.rf.d3c5a5c788d3b5ed218e401f94bcf0a9.jpg,train,1,18.47,True,0.2685,False,False,0.0781,True,0.705,0.0,0.0,False
valid/Grade 2/302757_jpg.rf.58786d0d637eab876ab90e4b698ea2c7.jpg,train,1,9.23,True,0.3471,False,False,0.0741,True,0.556,0.0,0.0,False
valid/Grade 2/302790_jpg.rf.fbe44a559a444721816651ee74621800.jpg,train,1,6.77,True,0.2906,False,False,0.0379,True,0.4749,0.0,0.0,False
valid/Grade 2/302798_jpg.rf.ba144064140c13b817359d2920c6ef1b.jpg,train,1,11.81,True,0.3333,False,False,0.0925,False,0.4854,0.0,0.0,False
valid/Grade 2/302885_jpg.rf.c82333e13146fe171a50537d4726b2ca.jpg,train,1,16.89,True,0.43,False,False,0.1035,False,0.5006,0.0,0.0,False
valid/Grade 2/302904_jpg.rf.0c6ca1f7d3cee06a8ea3e1920ba4f763.jpg,val,1,15.97,True,0.6133,False,False,0.1242,False,0.1872,0.0,0.0,False
valid/Grade 2/302977_jpg.rf.8aa5058c587121ee1e22edcf051dd253.jpg,train,1,10.06,True,0.3346,False,False,0.1311,False,0.4551,0.0,0.0,False
valid/Grade 2/303050_jpg.rf.4b8146abbd39657681c62d9c749c0b69.jpg,val,1,8.89,True,0.3929,False,False,0.1249,False,0.5855,0.0,0.0,False
valid/Grade 2/303114_jpg.rf.0ce667ee107517a4f72dfe4fe75df315.jpg,train,1,18.46,True,0.2787,False,False,0.051,True,0.3901,0.0,0.0,False
valid/Grade 2/303160_jpg.rf.7d17df4e5add8ece1976ed50497f6ff2.jpg,train,1,12.59,True,0.2165,False,False,0.0875,False,0.5649,0.0,0.0,False
valid/Grade 2/303251_jpg.rf.ab5648d9d47e0d129e6d5d2437f1e4db.jpg,test,1,11.6,True,0.562,False,False,0.2092,False,0.3885,0.0,0.0,False
valid/Grade 2/303423_jpg.rf.349328ddf7a227c2a4833d74278116e7.jpg,train,1,4.63,True,0.2933,False,False,0.0998,False,0.5595,0.0,0.0,False
valid/Grade 2/303438_jpg.rf.a03e805f051d4ca4b76c77cf3f96bd37.jpg,test,1,7.56,True,0.3086,False,False,0.0762,True,0.5482,0.0,0.0,False
valid/Grade 2/303695_jpg.rf.652278a72f6a1c2a1069b413060ba997.jpg,train,1,4.42,True,0.226,False,False,0.0491,True,0.4848,0.0,0.0,False
valid/Grade 2/305521_jpg.rf.1eedbcc2832a39c00690b718ae1b1aa0.jpg,train,1,15.93,True,0.2985,False,False,0.1151,False,0.6566,0.0,0.0,False
valid/Grade 2/305582_jpg.rf.e76a98909cfeaa78088bfbeefca3b10c.jpg,train,1,19.71,True,0.3682,False,False,0.0665,True,0.4631,0.0,0.0,False
valid/Grade 2/306129_jpg.rf.fc7a8319443fc2bd6963927af0dc97ba.jpg,train,1,7.22,True,0.3053,False,False,0.0679,True,0.7069,0.0,0.0,False
valid/Grade 2/45_jpg.rf.0a45721d0368397f64c8608675993038.jpg,train,1,14.62,True,0.6136,False,False,0.0724,True,0.4287,0.0,0.0,False
valid/Grade 3/301872_jpg.rf.937b857a82c52d277bfc6b02ac512841.jpg,train,2,10.74,True,0.4072,False,False,0.0714,True,0.4209,0.0,0.0,False
valid/Grade 3/301930_jpg.rf.0fa5e842dfdab64cc91050c14fdbfc0d.jpg,train,2,8.32,True,0.4463,False,False,0.088,False,0.325,0.0,0.0,False
valid/Grade 3/302498_jpg.rf.f6d027daf0686cb38189008c51c0c0f6.jpg,train,2,17.35,True,0.3544,False,False,0.119,False,0.5066,0.0,0.0,False
valid/Grade 3/303397_jpg.rf.d8292a286fd8b143e8cf43804c4dce72.jpg,train,2,19.62,True,0.2696,False,False,0.15,False,0.5243,0.0,0.0,False
valid/Grade 3/303591_jpg.rf.a51749eee3d5686108c66f3eecff8eec.jpg,train,2,15.76,True,0.3033,False,False,0.0938,False,0.4773,0.0,0.0,False
valid/Grade 3/305751_jpg.rf.e0fe4526a54c00d0ddc17b74b76e36cc.jpg,train,2,10.29,True,0.4707,False,False,0.1235,False,0.1995,0.0,0.0,False
valid/Grade 4/301043_jpg.rf.e3e1f5a507a6bf46346c56d25152b409.jpg,train,3,17.17,True,0.2066,False,False,0.1376,False,0.4842,0.38,0.0,False
valid/Grade 4/301823_jpg.rf.1dfe24711ace5de876b66d5db2133c21.jpg,train,3,6.37,True,0.3642,False,False,0.1755,False,0.4172,0.0,0.0,False
valid/Grade 4/302122_jpg.rf.07ff5ea37008d6ed8016e72bdd87e535.jpg,train,3,13.73,True,0.4668,False,False,0.1159,False,0.3633,0.0,0.0,False
valid/Grade 4/303055_jpg.rf.eeb37ba74ab812cda0f9344ff52127a8.jpg,train,3,6.77,True,0.4693,False,False,0.1642,False,0.2759,0.0,0.0,False
valid/Grade 4/303467_jpg.rf.b00a030c40d731dc42962b5753eb0ce6.jpg,train,3,9.84,True,0.3307,False,False,0.1135,False,0.4206,0.0,0.0,False
valid/Grade 4/303635_jpg.rf.63012cd8045403261d499a77d8e968cc.jpg,test,3,10.92,True,0.3599,False,False,0.131,False,0.5616,0.0,0.0,False
valid/Grade 4/305435_jpg.rf.422ef18d2b53c6fb16eabddee7b89723.jpg,train,3,7.66,True,0.2119,False,False,0.0783,True,0.5445,0.0,0.0,False
valid/Grade 4/306111_jpg.rf.6769757a4ccfbbf007985e93edea346a.jpg,train,3,19.76,True,0.3454,False,False,0.0957,False,0.6094,0.0,0.0,False
valid/Grade 4/306115_jpg.rf.426a955e7437257ee2578e605020783e.jpg,train,3,3.0,True,0.2859,False,False,0.1152,False,0.4457,0.0,0.0,False
