model,split,dimension,subgroup,n_samples,n_positive,prevalence,roc_auc,pr_auc,sensitivity_th20,specificity_th20,ppv_th20,npv_th20,fp_count,fn_count
catboost_default,val,age,[0-10),16,0,0.0,,,,1.0,,1.0,0,0
catboost_default,val,age,[10-20),120,8,0.0667,0.4777,0.2262,0.125,0.9821,0.3333,0.9402,2,7
catboost_default,val,age,[20-30),260,33,0.1269,0.8852,0.5411,0.7273,0.859,0.4286,0.9559,32,9
catboost_default,val,age,[30-40),570,74,0.1298,0.7083,0.2302,0.2162,0.9133,0.2712,0.8865,43,58
catboost_default,val,age,[40-50),1464,159,0.1086,0.6842,0.2062,0.2453,0.9126,0.2549,0.9085,114,120
catboost_default,val,age,[50-60),2668,302,0.1132,0.6815,0.2851,0.2351,0.9438,0.348,0.9062,133,231
catboost_default,val,age,[60-70),3243,343,0.1058,0.6434,0.1834,0.1224,0.9431,0.2029,0.9009,165,301
catboost_default,val,age,[70-80),3731,465,0.1246,0.6393,0.2166,0.1548,0.9437,0.2812,0.8869,184,393
catboost_default,val,age,[80-90),2420,299,0.1236,0.5916,0.1887,0.1237,0.9467,0.2467,0.8846,113,262
catboost_default,val,age,[90-100),419,57,0.136,0.5455,0.1533,0.1053,0.9061,0.15,0.8654,34,51
catboost_default,val,race,?,279,20,0.0717,0.5195,0.0883,0.0,0.9846,0.0,0.9273,4,20
catboost_default,val,race,AfricanAmerican,2820,328,0.1163,0.6295,0.1813,0.1433,0.9314,0.2156,0.892,171,281
catboost_default,val,race,Asian,116,10,0.0862,0.584,0.1373,0.0,0.9811,0.0,0.9123,2,10
catboost_default,val,race,Caucasian,11180,1324,0.1184,0.6578,0.2317,0.1873,0.9363,0.2831,0.8956,628,1076
catboost_default,val,race,Hispanic,303,35,0.1155,0.7191,0.3201,0.2286,0.9627,0.4444,0.9053,10,27
catboost_default,val,race,Other,213,23,0.108,0.7082,0.3086,0.2174,0.9737,0.5,0.9113,5,18
catboost_default,val,gender,Female,8075,974,0.1206,0.6501,0.2237,0.1797,0.9332,0.2696,0.8924,474,799
catboost_default,val,gender,Male,6836,766,0.1121,0.6557,0.2171,0.1736,0.943,0.2777,0.9004,346,633
catboost_default,val,primary_diag_chapter,Circulatory,4409,519,0.1177,0.6199,0.1946,0.131,0.945,0.2411,0.8907,214,451
catboost_default,val,primary_diag_chapter,Diabetes,1277,186,0.1457,0.7166,0.29,0.2634,0.9001,0.3101,0.8776,109,137
catboost_default,val,primary_diag_chapter,Digestive,1423,180,0.1265,0.6779,0.3055,0.2389,0.9445,0.3839,0.8955,69,137
catboost_default,val,primary_diag_chapter,Genitourinary,768,90,0.1172,0.6321,0.1952,0.1556,0.9351,0.2414,0.893,44,76
catboost_default,val,primary_diag_chapter,Injury_Poisoning,1022,119,0.1164,0.6195,0.1686,0.1176,0.9291,0.1795,0.8888,64,105
catboost_default,val,primary_diag_chapter,Missing/Unknown,2,1,0.5,1.0,1.0,1.0,1.0,1.0,1.0,0,0
catboost_default,val,primary_diag_chapter,Musculoskeletal,718,59,0.0822,0.5944,0.1579,0.1356,0.9818,0.4,0.9269,12,51
catboost_default,val,primary_diag_chapter,Neoplasms,482,58,0.1203,0.6497,0.2859,0.1379,0.967,0.3636,0.8913,14,50
catboost_default,val,primary_diag_chapter,Other,2487,290,0.1166,0.6495,0.2191,0.1724,0.924,0.2304,0.8943,167,240
catboost_default,val,primary_diag_chapter,Respiratory,2071,203,0.098,0.6634,0.1963,0.202,0.9465,0.2908,0.9161,100,162
catboost_default,val,primary_diag_chapter,Supplementary_External,252,35,0.1389,0.7522,0.3331,0.3429,0.8756,0.3077,0.892,27,23
catboost_default,val,inpatient_prior_group,0,9973,885,0.0887,0.6047,0.1249,0.0,0.9997,0.0,0.9112,3,885
catboost_default,val,inpatient_prior_group,1,2796,376,0.1345,0.6009,0.1887,0.0239,0.9901,0.2727,0.8672,24,367
catboost_default,val,inpatient_prior_group,2,1097,187,0.1705,0.5493,0.1971,0.2781,0.7648,0.1955,0.8375,214,135
catboost_default,val,inpatient_prior_group,>=3,1045,292,0.2794,0.6093,0.4116,0.8459,0.2311,0.299,0.7945,579,45
catboost_default,val,insulin,Down,1790,256,0.143,0.6302,0.225,0.2305,0.8592,0.2145,0.87,216,197
catboost_default,val,insulin,No,7072,758,0.1072,0.667,0.2305,0.153,0.9591,0.3102,0.9042,258,642
catboost_default,val,insulin,Steady,4453,525,0.1179,0.628,0.1949,0.1562,0.9453,0.2761,0.8934,215,443
catboost_default,val,insulin,Up,1596,201,0.1259,0.6523,0.2522,0.2537,0.9061,0.2802,0.8939,131,150
catboost_default,test,age,[0-10),26,1,0.0385,0.36,0.0588,0.0,1.0,,0.9615,0,1
catboost_default,test,age,[10-20),86,3,0.0349,0.8635,0.1634,0.0,0.9759,0.0,0.9643,2,3
catboost_default,test,age,[20-30),300,45,0.15,0.7895,0.3965,0.6,0.8353,0.3913,0.9221,42,18
catboost_default,test,age,[30-40),526,55,0.1046,0.7705,0.3457,0.4727,0.9151,0.3939,0.937,40,29
catboost_default,test,age,[40-50),1425,142,0.0996,0.6271,0.1819,0.1408,0.9369,0.198,0.9079,81,122
catboost_default,test,age,[50-60),2644,272,0.1029,0.6938,0.2481,0.2132,0.9427,0.299,0.9127,136,214
catboost_default,test,age,[60-70),3188,350,0.1098,0.6318,0.1801,0.1457,0.9464,0.2512,0.8998,152,299
catboost_default,test,age,[70-80),3823,428,0.112,0.6288,0.189,0.1449,0.937,0.2246,0.8968,214,366
catboost_default,test,age,[80-90),2495,313,0.1255,0.5953,0.1745,0.1054,0.9487,0.2276,0.8809,112,280
catboost_default,test,age,[90-100),400,49,0.1225,0.5944,0.1786,0.102,0.9687,0.3125,0.8854,11,44
catboost_default,test,race,?,339,34,0.1003,0.5807,0.1449,0.0588,0.9803,0.25,0.9033,6,32
catboost_default,test,race,AfricanAmerican,2775,295,0.1063,0.6657,0.2098,0.1932,0.9315,0.2511,0.9066,170,238
catboost_default,test,race,Asian,101,9,0.0891,0.7766,0.26,0.1111,0.9783,0.3333,0.9184,2,8
catboost_default,test,race,Caucasian,11160,1267,0.1135,0.6423,0.2048,0.1673,0.9394,0.2611,0.898,600,1055
catboost_default,test,race,Hispanic,305,31,0.1016,0.6766,0.2301,0.1613,0.9672,0.3571,0.9107,9,26
catboost_default,test,race,Other,233,22,0.0944,0.6626,0.3685,0.2273,0.9858,0.625,0.9244,3,17
catboost_default,test,gender,Female,8079,889,0.11,0.6638,0.2128,0.1912,0.9387,0.2782,0.9037,441,719
catboost_default,test,gender,Male,6834,769,0.1125,0.6301,0.1994,0.1456,0.9425,0.243,0.8969,349,657
catboost_default,test,primary_diag_chapter,Circulatory,4450,529,0.1189,0.6135,0.1923,0.1285,0.9487,0.2528,0.8897,201,461
catboost_default,test,primary_diag_chapter,Diabetes,1303,159,0.122,0.7148,0.2922,0.4025,0.8881,0.3333,0.9145,128,95
catboost_default,test,primary_diag_chapter,Digestive,1361,142,0.1043,0.6463,0.1923,0.1338,0.9532,0.25,0.9043,57,123
catboost_default,test,primary_diag_chapter,Genitourinary,799,78,0.0976,0.566,0.1321,0.0897,0.932,0.125,0.9044,49,71
catboost_default,test,primary_diag_chapter,Injury_Poisoning,1073,142,0.1323,0.5972,0.181,0.1056,0.9356,0.2,0.8727,60,127
catboost_default,test,primary_diag_chapter,Missing/Unknown,4,1,0.25,0.6667,0.5,1.0,0.6667,0.5,1.0,1,0
catboost_default,test,primary_diag_chapter,Musculoskeletal,732,73,0.0997,0.6592,0.1499,0.0137,0.9727,0.0526,0.899,18,72
catboost_default,test,primary_diag_chapter,Neoplasms,468,46,0.0983,0.5984,0.1608,0.1087,0.9621,0.2381,0.9083,16,41
catboost_default,test,primary_diag_chapter,Other,2421,252,0.1041,0.6625,0.1908,0.1548,0.9364,0.2203,0.9051,138,213
catboost_default,test,primary_diag_chapter,Respiratory,2055,194,0.0944,0.7053,0.2465,0.232,0.9479,0.3169,0.9221,97,149
catboost_default,test,primary_diag_chapter,Supplementary_External,247,42,0.17,0.6878,0.4507,0.4286,0.878,0.4186,0.8824,25,24
catboost_default,test,inpatient_prior_group,0,9912,851,0.0859,0.6155,0.1258,0.0012,1.0,1.0,0.9142,0,850
catboost_default,test,inpatient_prior_group,1,2910,373,0.1282,0.5613,0.1537,0.0134,0.9937,0.2381,0.8726,16,368
catboost_default,test,inpatient_prior_group,2,1105,176,0.1593,0.5459,0.2062,0.3409,0.7513,0.2062,0.8575,231,116
catboost_default,test,inpatient_prior_group,>=3,986,258,0.2617,0.6278,0.3908,0.8372,0.2541,0.2846,0.815,543,42
catboost_default,test,insulin,Down,1835,249,0.1357,0.6341,0.2409,0.2932,0.8544,0.2401,0.885,231,176
catboost_default,test,insulin,No,6996,669,0.0956,0.6419,0.1756,0.1181,0.9673,0.2762,0.9121,207,590
catboost_default,test,insulin,Steady,4391,498,0.1134,0.6403,0.184,0.1325,0.9432,0.23,0.8947,221,432
catboost_default,test,insulin,Up,1691,242,0.1431,0.6522,0.284,0.2645,0.9096,0.3282,0.881,131,178
