bin,bin_lower,bin_upper,count,observed_frequency,mean_predicted_prob,calibration_gap,model,split
1,0.0,0.1,7461,0.0744,0.078,0.0036,logistic_regression,val
2,0.1,0.2,6501,0.1418,0.1304,0.0114,logistic_regression,val
3,0.2,0.3,660,0.2333,0.2375,0.0042,logistic_regression,val
4,0.3,0.4,154,0.3377,0.3432,0.0056,logistic_regression,val
5,0.4,0.5,73,0.3425,0.4379,0.0954,logistic_regression,val
6,0.5,0.6,33,0.4848,0.545,0.0602,logistic_regression,val
7,0.6,0.7,16,0.5,0.6484,0.1484,logistic_regression,val
8,0.7,0.8,5,0.6,0.751,0.151,logistic_regression,val
9,0.8,0.9,6,0.6667,0.8639,0.1972,logistic_regression,val
10,0.9,1.0,2,0.5,0.9045,0.4045,logistic_regression,val
1,0.0,0.1,7485,0.0709,0.0781,0.0072,logistic_regression,test
2,0.1,0.2,6534,0.1359,0.1305,0.0054,logistic_regression,test
3,0.2,0.3,644,0.2345,0.2385,0.004,logistic_regression,test
4,0.3,0.4,130,0.2308,0.3412,0.1104,logistic_regression,test
5,0.4,0.5,37,0.4324,0.4377,0.0052,logistic_regression,test
6,0.5,0.6,29,0.5172,0.5446,0.0274,logistic_regression,test
7,0.6,0.7,26,0.4615,0.6563,0.1948,logistic_regression,test
8,0.7,0.8,16,0.5625,0.7363,0.1738,logistic_regression,test
9,0.8,0.9,10,0.6,0.8408,0.2408,logistic_regression,test
10,0.9,1.0,2,0.0,0.9153,0.9153,logistic_regression,test
1,0.0,0.1,7462,0.0741,0.0781,0.004,logistic_regression_elasticnet,val
2,0.1,0.2,6497,0.1422,0.1304,0.0119,logistic_regression_elasticnet,val
3,0.2,0.3,663,0.2338,0.2373,0.0035,logistic_regression_elasticnet,val
4,0.3,0.4,152,0.3355,0.3425,0.0069,logistic_regression_elasticnet,val
5,0.4,0.5,75,0.3333,0.4368,0.1035,logistic_regression_elasticnet,val
6,0.5,0.6,32,0.4688,0.5434,0.0747,logistic_regression_elasticnet,val
7,0.6,0.7,17,0.5294,0.6456,0.1162,logistic_regression_elasticnet,val
8,0.7,0.8,5,0.6,0.751,0.151,logistic_regression_elasticnet,val
9,0.8,0.9,6,0.6667,0.864,0.1973,logistic_regression_elasticnet,val
10,0.9,1.0,2,0.5,0.9041,0.4041,logistic_regression_elasticnet,val
1,0.0,0.1,7477,0.0706,0.0782,0.0076,logistic_regression_elasticnet,test
2,0.1,0.2,6544,0.1363,0.1304,0.0059,logistic_regression_elasticnet,test
3,0.2,0.3,643,0.2317,0.2386,0.0069,logistic_regression_elasticnet,test
4,0.3,0.4,131,0.2443,0.3422,0.0979,logistic_regression_elasticnet,test
5,0.4,0.5,35,0.4286,0.4401,0.0115,logistic_regression_elasticnet,test
6,0.5,0.6,29,0.5172,0.5443,0.0271,logistic_regression_elasticnet,test
7,0.6,0.7,26,0.4615,0.6566,0.195,logistic_regression_elasticnet,test
8,0.7,0.8,16,0.5625,0.7366,0.1741,logistic_regression_elasticnet,test
9,0.8,0.9,10,0.6,0.8411,0.2411,logistic_regression_elasticnet,test
10,0.9,1.0,2,0.0,0.9156,0.9156,logistic_regression_elasticnet,test
1,0.0,0.1,5993,0.0661,0.0833,0.0172,random_forest,val
2,0.1,0.2,8367,0.1389,0.128,0.0108,random_forest,val
3,0.2,0.3,527,0.3169,0.2298,0.0871,random_forest,val
4,0.3,0.4,24,0.625,0.3161,0.3089,random_forest,val
1,0.0,0.1,5974,0.068,0.0834,0.0155,random_forest,test
2,0.1,0.2,8422,0.1295,0.1276,0.0019,random_forest,test
3,0.2,0.3,452,0.2765,0.2247,0.0519,random_forest,test
4,0.3,0.4,65,0.5538,0.3292,0.2246,random_forest,test
1,0.0,0.1,7382,0.0753,0.075,0.0003,xgboost,val
2,0.1,0.2,6467,0.139,0.1329,0.0061,xgboost,val
3,0.2,0.3,799,0.2178,0.2334,0.0156,xgboost,val
4,0.3,0.4,184,0.3804,0.342,0.0385,xgboost,val
5,0.4,0.5,48,0.4792,0.4336,0.0456,xgboost,val
6,0.5,0.6,19,0.5263,0.5345,0.0082,xgboost,val
7,0.6,0.7,11,0.7273,0.6306,0.0966,xgboost,val
8,0.7,0.8,1,0.0,0.7004,0.7004,xgboost,val
1,0.0,0.1,7290,0.0689,0.075,0.0061,xgboost,test
2,0.1,0.2,6612,0.1352,0.1326,0.0026,xgboost,test
3,0.2,0.3,777,0.2124,0.2328,0.0205,xgboost,test
4,0.3,0.4,142,0.3169,0.3348,0.0179,xgboost,test
5,0.4,0.5,56,0.5893,0.4456,0.1437,xgboost,test
6,0.5,0.6,24,0.5417,0.5486,0.0069,xgboost,test
7,0.6,0.7,10,0.5,0.6457,0.1457,xgboost,test
8,0.7,0.8,2,0.5,0.727,0.227,xgboost,test
1,0.0,0.1,7262,0.0757,0.0751,0.0006,lightgbm,val
2,0.1,0.2,6571,0.1345,0.132,0.0025,lightgbm,val
3,0.2,0.3,824,0.2464,0.2333,0.013,lightgbm,val
4,0.3,0.4,170,0.3353,0.3409,0.0056,lightgbm,val
5,0.4,0.5,57,0.5263,0.4398,0.0865,lightgbm,val
6,0.5,0.6,16,0.5,0.5448,0.0448,lightgbm,val
7,0.6,0.7,8,0.625,0.6247,0.0003,lightgbm,val
8,0.7,0.8,3,1.0,0.7387,0.2613,lightgbm,val
1,0.0,0.1,7195,0.07,0.075,0.0049,lightgbm,test
2,0.1,0.2,6714,0.1329,0.132,0.0009,lightgbm,test
3,0.2,0.3,762,0.2165,0.2319,0.0154,lightgbm,test
4,0.3,0.4,155,0.3097,0.3399,0.0302,lightgbm,test
5,0.4,0.5,49,0.551,0.4444,0.1067,lightgbm,test
6,0.5,0.6,24,0.625,0.5407,0.0843,lightgbm,test
7,0.6,0.7,11,0.5455,0.6389,0.0934,lightgbm,test
8,0.7,0.8,3,0.3333,0.7277,0.3944,lightgbm,test
