id_code_1,filename_1,id_code_2,filename_2,pixel_hash
00cb6555d108,00cb6555d108.png,ca25745942b0,ca25745942b0.png,ec858e6fc7c9727be2a146a205df759e43d1271b85561bd986fe0cea1c94b1e3
0161338f53cc,0161338f53cc.png,cac40227d3b2,cac40227d3b2.png,c0c05f404cf0a5dd2ebe3e0bc6aaf2bc412d3a7441dffc26976cb7acea8600b9
012a242ac6ff,012a242ac6ff.png,1f07dae3cadb,1f07dae3cadb.png,25d1ddf16c32a092e3f8a6307f72d467efce3e92c594a36e4b0f5a868cfdcab9
026dcd9af143,026dcd9af143.png,98e8adcf085c,98e8adcf085c.png,229c525fca689813eab2e2cbb0386dd5356f034f3d029f4f706dc463890e5ec7
034cb07a550f,034cb07a550f.png,c8d2d32f7f29,c8d2d32f7f29.png,43119114c4316eaa56207043f17e8e04db6e563b2271259a015ab239a48693c0
04ac765f91a1,04ac765f91a1.png,3044022c6969,3044022c6969.png,450a95859a9c2c81310b1a48f633c6fd7099daa953adac04c4d1a2dac631cde0
05a5183c92d0,05a5183c92d0.png,63a03880939c,63a03880939c.png,106491ac0ef8a71c76dc90e80c0022647cd661c7b464bebb746a20af78be91bb
07419eddd6be,07419eddd6be.png,81b0a2651c45,81b0a2651c45.png,49c7ae22402f601df201754b0474053729bdaa33af7e8008a4bfa47cd95a361a
0ac436400db4,0ac436400db4.png,fda39982a810,fda39982a810.png,4ec34f4a1187e88922172e133eb25605643e2dc82d5e28653a8bb0e03471acb8
0c7e82daf5a0,0c7e82daf5a0.png,3e86335bc2fd,3e86335bc2fd.png,d5743f1dee947bfd135c2a703b3391d362a60af407c26ddc206cc7e50814c33a
0cb14014117d,0cb14014117d.png,4a44cc840ebe,4a44cc840ebe.png,bddfbfa6af92cbc80d16fd0b5e4b750400645d2f3bdd9b939b4baa342928a887
0dce95217626,0dce95217626.png,94372043d55b,94372043d55b.png,4643920ebf6df8af175cbee2e3f7f842d16ab938dbee7ed756c8addb255d4a99
1006345f70b7,1006345f70b7.png,435d900fa7b2,435d900fa7b2.png,47ced6281506a0bfb7e67d1121f28b0c02911eb10aa0b4cbea8912b2c88d4b5e
11242a67122d,11242a67122d.png,65c958379680,65c958379680.png,5063f8f3f5c4a65be2153f1b5073a8c16213254bd1793df47143bb5f12b60e12
111898ab463d,111898ab463d.png,33105f9b3a04,33105f9b3a04.png,b4eee4abaae4c0145d426c7c75352ef9d92679ad3cb6a23719761492eee819cd
135575dc57c9,135575dc57c9.png,2c2aa057afc5,2c2aa057afc5.png,b1e010f40260efa4a239cf0698dbef98810f03b97d13af1903fb29e3479c33d1
12e3f5f2cb17,12e3f5f2cb17.png,d567a1a22d33,d567a1a22d33.png,fc95c5f229287c1bac3a4b3417c599d4ad051cdaebbc248fee52ace820cdeb62
1411c8ab7161,1411c8ab7161.png,8acffaf1f4b9,8acffaf1f4b9.png,c65a1f1b085cbfa85b2e0494b9639ce664a2da7903b3dbb6cc664617e8373082
144b01e7b993,144b01e7b993.png,1e143fa3de57,1e143fa3de57.png,a0c8b0f895717f962f0c9c77dc6fb3e3ec407d8bb45e3e132e34ccffcce6358b
14e3f84445f7,14e3f84445f7.png,f0f89314e860,f0f89314e860.png,2a5f45ee16b2452c34e51c4a66326e1acd9f1618427a23596eaa7972e6941305
14515b8f19b6,14515b8f19b6.png,ba2624883599,ba2624883599.png,8f6ae43c59ba7ac400473f697e46e6a264d199d2ddede3181a58cf178e094ade
1638404f385c,1638404f385c.png,576e189d23d4,576e189d23d4.png,caa72a32ca14ff729badbf513aecbc5f99d6d020889cb6818125b1491035d0dc
1632c4311fc9,1632c4311fc9.png,a75bab2463d4,a75bab2463d4.png,5ed4f8eea596300ec45a89c7d70d9a9949e5e98f0e1366678568041a18185ce1
19722bff5a09,19722bff5a09.png,19e350c7c83c,19e350c7c83c.png,784081a7bd9dc3f3d1eaa2b14bb549cb881fdddf62cc3efaaca938c7c14ce2ca
1b4625877527,1b4625877527.png,86b3a7929bec,86b3a7929bec.png,2065e26e5ed910caaea827a3879c295fbe4cb08517254a5d2abc3fcdfff46c8c
1a1b4b2450ca,1a1b4b2450ca.png,92b0d27fc0ec,92b0d27fc0ec.png,0264a02fe44b8ee91f48235d14da5a6c9dacf8e64ce7dbf2485e85eb294e8218
1ae8c165fd53,1ae8c165fd53.png,5a36cea278ae,5a36cea278ae.png,6ee41fbfc934638aaad93b747b37dc29169c54e77071ade0f608480d945c38e1
1c6d119c3d70,1c6d119c3d70.png,a56230242a95,a56230242a95.png,3f02e8b96f93d96024e30d7e50cf58da79a60bf71a995ec44b0cb1648fedb167
1c4d87baaffc,1c4d87baaffc.png,35aa7f5c2ec0,35aa7f5c2ec0.png,c0b44b8a42bfe599531592916e336366070608fb5e66dae1c8cad8f1ea305547
1c5e6cdc7ee1,1c5e6cdc7ee1.png,3c53198519f7,3c53198519f7.png,cf556dd8dfadc6799187a6632b5ed16201593cd1f13bca49b4fdf340fbf2a154
1c9c583c10bf,1c9c583c10bf.png,ea15a290eb96,ea15a290eb96.png,ae4b1c48fbed720752dcaf70f528e442e0cbe754034a0b25c84bb5f65fa24530
1cb814ed6332,1cb814ed6332.png,a7b0d0c51731,a7b0d0c51731.png,dff178ffd3e423f46097af689a6e2c78f6dfeb0e8767079f41eb4cd87d85b1ac
1dfbede13143,1dfbede13143.png,38fe9f854046,38fe9f854046.png,accadfe27a3ab617f919d1c0fc725c971cda63ff878fbf9f616bb75e31167479
1e8a1fdee5b9,1e8a1fdee5b9.png,a47432cd41e7,a47432cd41e7.png,b462dd204763ece86d26ad8ce8483db39a8d92b84a3b6381de5e2d612c6fffdd
1e8a1fdee5b9,1e8a1fdee5b9.png,b8ebedd382de,b8ebedd382de.png,b462dd204763ece86d26ad8ce8483db39a8d92b84a3b6381de5e2d612c6fffdd
a47432cd41e7,a47432cd41e7.png,b8ebedd382de,b8ebedd382de.png,b462dd204763ece86d26ad8ce8483db39a8d92b84a3b6381de5e2d612c6fffdd
1e9224ccca95,1e9224ccca95.png,f6f3ea0d2693,f6f3ea0d2693.png,f28498cc2c915c7d898d4911225f2f484fc0ffab42cb4a8ebf27b3eee87463c0
1ee1eb7943db,1ee1eb7943db.png,c2d2b4f536da,c2d2b4f536da.png,53e6a745463b28dcab954f85582553f0375479bd09b45264bc6c247007d408de
22895c89792f,22895c89792f.png,bd5013540a13,bd5013540a13.png,2de535ab006ac970cc2e7e7bb49e2c3b69daf2f7f1b8864e9322604dc48d2228
23d7ca170bdb,23d7ca170bdb.png,ea9e0fb6fb0b,ea9e0fb6fb0b.png,82e8c967c1443fbdc45b48ab2d47ee25c5d613933f030b79a702a040c132819c
26e231747848,26e231747848.png,36ec36c301c1,36ec36c301c1.png,8d0025de7899b3217b7e6688daaf3cb4c2df6c8d98bb55d2bfd17eadb5641569
278aa860dffd,278aa860dffd.png,f066db7a2efe,f066db7a2efe.png,70c831b88affa7c4145a6a91a4fbd606fe62cd08255847063311ef541904679b
2923971566fe,2923971566fe.png,badb5ff8d3c7,badb5ff8d3c7.png,039d29b842811ef41d40117d46ee28733096acf20ff84ea66e1c40e02b03286f
2a3a1ed1c285,2a3a1ed1c285.png,2b21d293fdf2,2b21d293fdf2.png,a6c2c1eecf3eb8068f593a0ca933635b6e51d403f06aee0d922fad5bb3d735fa
2cceb07ff706,2cceb07ff706.png,8a759f94613a,8a759f94613a.png,8fbee19f27337aba0f4a44360e190bb18042bc30ac3eb387988752999ad4c221
2f7789c1e046,2f7789c1e046.png,a8e88d4891c4,a8e88d4891c4.png,13e5783075c7e1f15f526e81d782b565394c8f8ef8337c51c5703e6c5dd3f06b
2df07eb5779f,2df07eb5779f.png,b91ef82e723a,b91ef82e723a.png,fc05e496f9b6ef497d72830cbb46a8679eca81f40671998ed5c72e484d311ff4
30cab14951ac,30cab14951ac.png,c546670d9684,c546670d9684.png,fb12dd3d3f10eef9f44a8b4fa5b0e3f440650d80b8b634096f72cbcdaf63a000
36041171f441,36041171f441.png,595446774178,595446774178.png,ee83df2513d53c48440005ad1fc9b8020d15d3801409ab994a7bdc8395028737
36677b70b1ef,36677b70b1ef.png,7bf981d9c7fe,7bf981d9c7fe.png,b21609c999c108b5d338842f33d9473e46b19778cbbe30fc9ba99a0dd329a3f3
38487e1a5b1f,38487e1a5b1f.png,b376def52ccc,b376def52ccc.png,b1a2479a364038c71690a6f17b8d003ec38d90923473a727b3c7e8f9aa195e40
3a1d3ce00f0c,3a1d3ce00f0c.png,a19507501b40,a19507501b40.png,20cc7dc30157776c284dc566a508a226b333f3cc7f5417f053b0e8793025f4d0
3b4a5fcbe5e0,3b4a5fcbe5e0.png,3ca637fddd56,3ca637fddd56.png,1afb1d679cc0fa23626bf655d2d773501889edc9cdd0097f9afb653f3f58431a
3cd801ffdbf0,3cd801ffdbf0.png,7525ebb3434d,7525ebb3434d.png,f8b236e6d10cd4ae9788377520470e3f33116e9a27724f92f7a69328aa12f10a
3dbfbc11e105,3dbfbc11e105.png,d0079cc188e9,d0079cc188e9.png,8c91ec05bfdc456cd41f6827383ce08192bd1b82b3a865a8dd7ab3b489b3c4e3
3ee4841936ef,3ee4841936ef.png,7005be54cab1,7005be54cab1.png,7b3089dc52e426664570d32bf41cc61eb1697c6a713d0da7211ccc1035f515c5
3f44d749cd0b,3f44d749cd0b.png,f9e1c439d4c8,f9e1c439d4c8.png,31695f6591ff66f0b8a63e5f7612ed8ac7eaa33162dc549e1ce34639c3310cf5
3fd7df6099e3,3fd7df6099e3.png,a3b2e93d058b,a3b2e93d058b.png,24b966ac84f41430ba65b41a58c41b86096df1d1beb8aa6d6da4a84897e643d3
40e9b5630438,40e9b5630438.png,77a9538b8362,77a9538b8362.png,1310819bec43503ab46fcb57825b92d48747a0c2b2f8cf3c0f2a6a39538dd154
42985aa2e32f,42985aa2e32f.png,6165081b9021,6165081b9021.png,fe03d87d568f5e6b47f5a53adb0d4a2853607dbd8154edae590b140bc2eb153c
42a850acd2ac,42a850acd2ac.png,51131b48f9d4,51131b48f9d4.png,ae94b800151562eadfd3541795aa46484efaef5bdbad15b7413ed3073b94dd08
42a850acd2ac,42a850acd2ac.png,8cb6b0efaaac,8cb6b0efaaac.png,ae94b800151562eadfd3541795aa46484efaef5bdbad15b7413ed3073b94dd08
51131b48f9d4,51131b48f9d4.png,8cb6b0efaaac,8cb6b0efaaac.png,ae94b800151562eadfd3541795aa46484efaef5bdbad15b7413ed3073b94dd08
43fb6eda9b97,43fb6eda9b97.png,e4e343eaae2a,e4e343eaae2a.png,b39b44e2ad8a745a86fa8d5f2d26cec56080e2162337597820557484ca3dd0bf
46cdc8b685bd,46cdc8b685bd.png,e4151feb8443,e4151feb8443.png,5fe78b41053411f74753d7797f74cd1248468289b7c650f27a93f135ff7596d0
48c49f662f7d,48c49f662f7d.png,6cb98da77e3e,6cb98da77e3e.png,7b304bbae27e2d3358bd44e6e31fd5a3ee46c962998fd9594e6599c7598bbeb7
4d7d6928534a,4d7d6928534a.png,94b1d8ad35ec,94b1d8ad35ec.png,e5dc42a07883458f4dbc94a3bc829743f128e26d754bfa33c4d0100d3cdfe3d2
4ce74e5eb51d,4ce74e5eb51d.png,c68dfa021d62,c68dfa021d62.png,60909aaf55b6777b16f83124cbd16c12b3d63efe1a40d03f0e1712e61dbca519
4fecf87184e6,4fecf87184e6.png,9bf060db8376,9bf060db8376.png,c684e6d86ef95d6c8609d0729bb32d81e160ed248b76dd080a0bcc38ea3fb576
4fecf87184e6,4fecf87184e6.png,f7edc074f06b,f7edc074f06b.png,c684e6d86ef95d6c8609d0729bb32d81e160ed248b76dd080a0bcc38ea3fb576
9bf060db8376,9bf060db8376.png,f7edc074f06b,f7edc074f06b.png,c684e6d86ef95d6c8609d0729bb32d81e160ed248b76dd080a0bcc38ea3fb576
521d3e264d71,521d3e264d71.png,fe0fc67c7980,fe0fc67c7980.png,abe41e8aa7ebd1d9f973b36c8a95fb12a25e2387cc97c58b5f04038d10552a78
530d78467615,530d78467615.png,c1c8550508e0,c1c8550508e0.png,9b86da6fe4ae35c9d324059b7c0f9e633f04f7b9b9f47e77d56be33f08d344ab
5b76117c4bcb,5b76117c4bcb.png,e037643244b7,e037643244b7.png,8c31863bfffb3d29a76aac196ca2f4fe871ba5abd339afac0f3b9545e5c4f902
5eb311bcb5f9,5eb311bcb5f9.png,a9e984b57556,a9e984b57556.png,6fd56d9b1dd56effd78b599bb822ef7ca793a46eec64fe0637155f9547d34227
5dc23e440de3,5dc23e440de3.png,f4d3777f2710,f4d3777f2710.png,05a200435dba60c45c331a3872117527197bfd45409b3af2ba56191e019104e9
5e7db41b3bee,5e7db41b3bee.png,a1b12fdce6c3,a1b12fdce6c3.png,2f51bc0a6ea7093cbb7a409f3bbdb5d42445a421d88af437c8b1dfcf884dddb1
60f15dd68d30,60f15dd68d30.png,fcc6aa6755e6,fcc6aa6755e6.png,dfaf430ef6ebe3887c6b019471fdf1cefe21e8844d6035793a2f5e50286b50c8
6253f23229b1,6253f23229b1.png,76cfe8967f7d,76cfe8967f7d.png,edac43e7dc1320ea707d36c1607c7a5a90043afa7243ce4db5c995d9f9d774a8
64678182d8a8,64678182d8a8.png,6b00cb764237,6b00cb764237.png,0d57945a99b7988a12e9eb37dc234ca814a4c4173a5393b8bf1287d147991b64
65e51e18242b,65e51e18242b.png,cc12453ea915,cc12453ea915.png,7c41b1ccb571ccd32cb889240ef8d9e06562f30a63a97a97d398902dece72a8d
68332fdcaa70,68332fdcaa70.png,d801c0a66738,d801c0a66738.png,6137aa30069b14f22530d1be6fafd8d2552d08f42cf9deebc3c64eeb80ecad4a
6c3745a222da,6c3745a222da.png,eadc57064154,eadc57064154.png,c921f8a7f734af23015069beda823af1434292acc1e2da07e29915a631081f1f
6e92b1c5ac8e,6e92b1c5ac8e.png,9c52b87d01f1,9c52b87d01f1.png,f7c0381cdc247cd5a50ef08c10f22fc3a80594ce03d7afcd6042092656398b43
71c1a3cdbe47,71c1a3cdbe47.png,79ce83c07588,79ce83c07588.png,59f588132448acb0e47fa3fa7576c30d5873ceef0275c336a5fd784aa9436fa2
7550966ef777,7550966ef777.png,8d7bb0649a02,8d7bb0649a02.png,f51a6d2e36b97153c3a6d7462fddfe5b8e41e31f8ff4620b39906bfad989c346
75a7bc945b7d,75a7bc945b7d.png,98104c8c67eb,98104c8c67eb.png,5f248b52632bd2282bc15f6e632002c715a365ed0b84ccc11ff861ddf3c04a31
7877be80901c,7877be80901c.png,ee2c2a5f7d0e,ee2c2a5f7d0e.png,4deed34f0fd7f28f9809ed1137d13c4d7bb99e1402ea76df99413415813c84c9
7a3ea1779b13,7a3ea1779b13.png,a8582e346df0,a8582e346df0.png,503cf76e86309408dbbaae914320b07f65176bcf3c94a4c78c2f9032ab96511a
7a3ea1779b13,7a3ea1779b13.png,c027e5482e8c,c027e5482e8c.png,503cf76e86309408dbbaae914320b07f65176bcf3c94a4c78c2f9032ab96511a
7a3ea1779b13,7a3ea1779b13.png,ca6842bfcbc9,ca6842bfcbc9.png,503cf76e86309408dbbaae914320b07f65176bcf3c94a4c78c2f9032ab96511a
a8582e346df0,a8582e346df0.png,c027e5482e8c,c027e5482e8c.png,503cf76e86309408dbbaae914320b07f65176bcf3c94a4c78c2f9032ab96511a
a8582e346df0,a8582e346df0.png,ca6842bfcbc9,ca6842bfcbc9.png,503cf76e86309408dbbaae914320b07f65176bcf3c94a4c78c2f9032ab96511a
c027e5482e8c,c027e5482e8c.png,ca6842bfcbc9,ca6842bfcbc9.png,503cf76e86309408dbbaae914320b07f65176bcf3c94a4c78c2f9032ab96511a
7a0cff4c24b2,7a0cff4c24b2.png,86baef833ae0,86baef833ae0.png,9e739ca06328643d5eb5a23ec17ac9da5c25bae971bd99ae43e393deaff7d2bd
7b691d9ced34,7b691d9ced34.png,d51c2153d151,d51c2153d151.png,3c4e7c65a3ff513f98b5aee04a3ad4bd09ba024e50c405510d5283409715a690
7d261f986bef,7d261f986bef.png,91cbe1c775ef,91cbe1c775ef.png,c9727ea75ea9782f5e4a681828685de9278524c5d9edfcdafe2f54586c86062b
7e160c8b611e,7e160c8b611e.png,91b6ebaa3678,91b6ebaa3678.png,54d100c1b60b021f3c761a73d5eb81031800b562d3d6077491ac77a4b1aef9a9
80964d8e0863,80964d8e0863.png,ab50123abadb,ab50123abadb.png,ab765dd727ab00215db3e039f99559af8fffa4fbf8a78104d9ce6023231ddd17
80d24897669f,80d24897669f.png,fea14b3d44b0,fea14b3d44b0.png,77da35dafcc9d4b8e6dd939183a61ae8f972f95585b723e8eb05cb8ecab52a95
80feb1f7ca5e,80feb1f7ca5e.png,878a3a097436,878a3a097436.png,2ea23a606d0cad33b1c951d68dd4f54cfbbaca821b036f65b4189da632460389
840527bc6628,840527bc6628.png,857002ed4e49,857002ed4e49.png,beeb02f2b7f9ac5a60399f9e9f509cc9741cbb00fda1b2d85be49e8a134cf9d9
8446826853d0,8446826853d0.png,8ef2eb8c51c4,8ef2eb8c51c4.png,4d456107e806fa5da35f5fe4e027f6dca94f767ab59c074c096136eabee0bb08
8fc09fecd22f,8fc09fecd22f.png,d1cad012a254,d1cad012a254.png,27f6b923727c3cf8b29bc52ef90aea315105038cdd8733835eb4bb113cbb06a6
906d02fb822d,906d02fb822d.png,a4012932e18d,a4012932e18d.png,cceca488663e4dc916f9db7a975958e439090833f9da4a0a32fdc5bd79ef7954
98f7136d2e7a,98f7136d2e7a.png,e740af6ac6ea,e740af6ac6ea.png,93c43480bbfdf60ec8004e1480e34a70120b0235ebe6b3795089baba8a1bc4dc
9a3c03a5ad0f,9a3c03a5ad0f.png,f03d3c4ce7fb,f03d3c4ce7fb.png,12f1200e7b8bfb0285f849cf40151830cf8ef18fa8966f38b1f3201530636808
9b418ce42c13,9b418ce42c13.png,be161517d3ac,be161517d3ac.png,9df9913f755dad778c3c904df52176195db1a35f114f054fc6df846a255bb2a1
9b7b6e4db1d5,9b7b6e4db1d5.png,9f4132bd6ed6,9f4132bd6ed6.png,3dd90960d1ff7e49b8fcef1017d96b484b92c137243f70492c53c2218f6fca45
9b32e8ef0ca0,9b32e8ef0ca0.png,a15652b22ab8,a15652b22ab8.png,d3ccdedb143fb679fa43df87c58296c116b9f36e0ef89f836eb6f5e2f43bc15a
9c5dd3612f0c,9c5dd3612f0c.png,c9f0dc2c8b43,c9f0dc2c8b43.png,e93169f4bbe7f0b9efdbb1732e8df63d1bd24562c12e9c48ab90841f487098de
9e3510963315,9e3510963315.png,b187b3c93afb,b187b3c93afb.png,cf9f1a369887a19dcf68c894dd40e8f3e692f4aa6b1fdb64a2364a14aecaa185
9f1efb799b7b,9f1efb799b7b.png,cd4e7f9fa1a9,cd4e7f9fa1a9.png,dc62c55b61d40dd3eba857815a49401beea483dc7a466dc795c6911889647250
a505981d1cab,a505981d1cab.png,d994203deb64,d994203deb64.png,b10ae0b304f2ed0de82385ab587150de716a4fd3aefc5fb9e8af230adc57bce2
a8b637abd96b,a8b637abd96b.png,e2c3b037413b,e2c3b037413b.png,2778dfe1de0273c40f62db781138b1fac7284e81f0c565c40ff09c214d29c649
aca88f566228,aca88f566228.png,c05b7b4c22fe,c05b7b4c22fe.png,274751fdf2aba4182d83b3daf43bc40a91343ebaa389f4e278900b384c15cb66
aeed1f251ceb,aeed1f251ceb.png,c0e509786f7f,c0e509786f7f.png,7e0b9c1609f782c691fadb18ea93a3ab313a23bb89b6cb47ed7ba3bf51d0eb20
b06dabab4f09,b06dabab4f09.png,d144144a2f3f,d144144a2f3f.png,fa6f18c57c924133e264845eacf2d5549f02e8ec41db385c675cf24fec4932b7
b13d72ceea26,b13d72ceea26.png,da0a1043abf7,da0a1043abf7.png,1c74718ba54030e3f0dd5e73fdbfb6c55397802b0ec0c65d4f3dea0f77d6643c
b8ac328009e0,b8ac328009e0.png,ff0740cb484a,ff0740cb484a.png,7f48326f0e053f4baf469c0b9923fa814b7d72dbcfe58e27b1b8261c0e00ecb7
b9127e38d9b9,b9127e38d9b9.png,e39b627cf648,e39b627cf648.png,e49eaf7f9570191821599eb06081b41385ce39ac288a681be020a41c5c9eae2e
bacfb1029f6b,bacfb1029f6b.png,e12d41e7b221,e12d41e7b221.png,1872bc32c9cfe2ad94235056c4f3c97da22a942b6a22eda4b02861f6ce3851a4
ba735b286d62,ba735b286d62.png,ed3a0fc5b546,ed3a0fc5b546.png,dedf32264264dc3998fd8dfe4991539351a062d8c93c7f9e90385dc3f1998dcd
bb7e0a2544cd,bb7e0a2544cd.png,e76a9cbb2a8c,e76a9cbb2a8c.png,581e809c7e37b504c101ee4aa6412ee7462f8474b3410ea72183718c7e6bfd75
bcdc8db5423b,bcdc8db5423b.png,f920ccd926db,f920ccd926db.png,b3fa5abe5d95b2bc257e7d286cda0ac53259b65b9c13f2cfdbbaa3e758304b33
bfefa7344e7d,bfefa7344e7d.png,d85ea1220a03,d85ea1220a03.png,cd409c01e5887a20edbb3a579d9ec04f32eab77c76ac58d2d573d2be2cfddaeb
ca0f1a17c8e5,ca0f1a17c8e5.png,ea05c22d92e9,ea05c22d92e9.png,4b6ddb1c8604d0d5fb3221e10c985395267a594823767efca411238dd4d4b220
ca891d37a43c,ca891d37a43c.png,dc3c0d8ee20b,dc3c0d8ee20b.png,868fdf38f687e84baeeb513ccf43788763d6e57238f02719fb65bff79efa173f
cd3fd04d72f5,cd3fd04d72f5.png,d81b6ed83bc2,d81b6ed83bc2.png,68a973944110106a9c83e6f68928bde1e8a5a8f663f6dfdae94adee367a1a0ec
ce887b196c23,ce887b196c23.png,e7a7187066ad,e7a7187066ad.png,774f339cd5dbc16e9711cdb97123eb490f1a653ee76195e6aeaf940fa814d581
d28bd830c171,d28bd830c171.png,f9ecf1795804,f9ecf1795804.png,e3a153ed3678200b7736d48e2062f0e64fe9978931d50ce68f19e60c9d06db41
d51b3fe0fa1b,d51b3fe0fa1b.png,df4913ca3712,df4913ca3712.png,5ea9de9b4cc2a0ed9097dfb42375df4cefc4eba8cffe90728d518cd45731e9e4
e8d1c6c07cf2,e8d1c6c07cf2.png,f23902998c21,f23902998c21.png,09e34bc74dcf5e7c6c9aa3db4b292b4bc4c625fe249f6853ec18c932425651c6
f1a761c68559,f1a761c68559.png,ff52392372d3,ff52392372d3.png,d61bb72f8c7486a1f3234e37c248849f34b9b67340069ca68fdd7a69feb54d5c
