filename,width,height
000c1434d8d7.png,3216,2136
001639a390f0.png,3216,2136
0024cdab0c1e.png,2416,1736
002c21358ce6.png,1050,1050
005b95c28852.png,2048,1536
0083ee8054ee.png,3388,2588
0097f532ac9f.png,2588,1958
00a8624548a9.png,3216,2136
00b74780d31d.png,2588,1958
00cb6555d108.png,2416,1736
00cc2b75cddd.png,1050,1050
00e4ddff966a.png,2416,1736
00f6c1be5a33.png,1050,1050
0104b032c141.png,2416,1736
0124dffecf29.png,3216,2136
0125fbd2e791.png,1050,1050
012a242ac6ff.png,3216,2136
014508ccb9cb.png,819,614
0151781fe50b.png,2048,1536
0161338f53cc.png,1504,1000
0180bfa26c0b.png,1844,1226
0182152c50de.png,1050,1050
01b3aed3ed4c.png,2416,1736
01c7808d901d.png,4288,2848
01d9477b1171.png,819,614
01eb826f6467.png,2416,1736
01f7bb8be950.png,2588,1958
0212dd31f623.png,1050,1050
022f820027b8.png,2048,1536
0231642cf1c2.png,2588,1958
0232dfea7547.png,1050,1050
02358b47ea89.png,2588,1958
0243404e8a00.png,2588,1958
025a169a0bb0.png,1050,1050
02685f13cefd.png,1844,1226
026dcd9af143.png,3216,2136
02cd34a85b24.png,1050,1050
02da652c74b8.png,1050,1050
02dda30d3acf.png,2588,1958
0304bedad8fe.png,1050,1050
0318598cfd16.png,2588,1958
032d7b0b4bf6.png,2588,1958
033f2b43de6d.png,2588,1958
034cb07a550f.png,3216,2136
03676c71ed1b.png,1050,1050
0369f3efe69b.png,4288,2848
03747397839f.png,3216,2136
03a7f4a5786f.png,2588,1958
03b373718013.png,1050,1050
03c85870824c.png,2416,1736
03e25101e8e8.png,2588,1958
03fd50da928d.png,3388,2588
03ff7d159f10.png,3216,2136
0415fc68b176.png,2588,1958
041f09eec1e8.png,3216,2136
0423237770a7.png,1050,1050
042470a92154.png,2416,1736
04579e31e4be.png,1050,1050
04a6fc58dabc.png,2416,1736
04ac765f91a1.png,2416,1736
04aef84a2cc1.png,819,614
04d029cfb612.png,3216,2136
04efb1a284cc.png,1050,1050
050bb1eafa76.png,819,614
05113073b268.png,2588,1958
05195a3db5e2.png,819,614
0519b934f6b1.png,2588,1958
052d9a3fe55a.png,2588,1958
05339950962e.png,1050,1050
054b1b305160.png,1050,1050
0551676cc2aa.png,2588,1958
059bc89df7f4.png,2416,1736
05a5183c92d0.png,2416,1736
05b1bb2bdb81.png,2588,1958
05cd0178ccfe.png,2416,1736
05e9126dfa5c.png,1050,1050
06024377d573.png,640,480
060e00d1e2ab.png,819,614
064af6592ba6.png,3388,2588
06586082a24d.png,2048,1536
0684311afdfc.png,2416,1736
069f43616fab.png,2896,1944
06b71823f9cd.png,4288,2848
06be1092a062.png,819,614
07083738b75e.png,3216,2136
0709652336e2.png,2048,1536
070d4ce5fd90.png,2048,1536
070f67572d03.png,2416,1736
07122e268a1d.png,1844,1226
071435a218ec.png,3216,2136
07419eddd6be.png,2144,1424
07596907347b.png,1050,1050
0773a1c326ad.png,2048,1536
07751b94a88a.png,1050,1050
0790515cf5af.png,1050,1050
07929d32b5b3.png,2588,1958
07a0be6b347f.png,2048,1536
07a0e34c8d20.png,2588,1958
07a1c7073982.png,2588,1958
07a2b8cabf6b.png,1050,1050
07a3be30563b.png,3216,2136
07d8db76b301.png,3216,2136
07e827469099.png,2048,1536
07f5d7baf907.png,2588,1958
08037e4490e5.png,819,614
080ee76c958c.png,3216,2136
080f66eedfb9.png,2416,1736
084c02cf077f.png,819,614
0851d6a69589.png,1050,1050
086d41d17da8.png,1844,1226
08752092140d.png,3388,2588
08a3875063c3.png,3216,2136
08b6e3240858.png,2588,1958
08bef347f40d.png,1050,1050
08c17a2d95b7.png,2588,1958
08c60c647673.png,2588,1958
08ee569d4721.png,1050,1050
08f8838d69bb.png,1050,1050
09237bf783a4.png,1050,1050
0924cec998fa.png,2048,1536
093a42649c29.png,4288,2848
093cf723fede.png,2048,1536
094858f005ab.png,2416,1736
0953c0ac1735.png,3388,2588
096436d68d06.png,2588,1958
09662e462531.png,2588,1958
0981195eb9fb.png,4288,2848
099021fac3c9.png,2048,1536
09934421c79e.png,2048,1536
09935d72892b.png,2588,1958
09c8323c612e.png,1050,1050
09eeafa9656a.png,3216,2136
09f1111a388a.png,2048,1536
09f6ab477654.png,2416,1736
0a09aa7356c0.png,2588,1958
0a1076183736.png,3388,2588
0a3202889f4d.png,2416,1736
0a38b552372d.png,1050,1050
0a4e1a29ffff.png,1050,1050
0a61bddab956.png,2416,1736
0a74c92e287c.png,2048,1536
0a85a1e8f9e9.png,2588,1958
0a902c80d5da.png,1050,1050
0a9ec1e99ce4.png,2588,1958
0abf0c485f66.png,2048,1536
0ac436400db4.png,1504,1000
0ad7f631dedb.png,2416,1736
0ada12c0e78f.png,2588,1958
0ae2dd2e09ea.png,1050,1050
0af296d2f04a.png,3216,2136
0afbeeef0ff7.png,1050,1050
0afdfe5f422c.png,3216,2136
0b00f8a77510.png,819,614
0b2ea8f268cf.png,819,614
0b3efe669365.png,2048,1536
0b64a0a06f9a.png,819,614
0b8bdec9d869.png,2048,1536
0babc12807b2.png,2416,1736
0bf37ca3156a.png,2588,1958
0c2e2369dfff.png,1844,1226
0c38940e1f80.png,819,614
0c43c79e8cfb.png,2588,1958
0c55d58bebaf.png,2416,1736
0c76fd494af6.png,3216,2136
0c7e82daf5a0.png,1504,1000
0c917c372572.png,2416,1736
0ca0aee4d57e.png,4288,2848
0cae727cf119.png,2048,1536
0cb14014117d.png,3216,2136
0cb6b898389f.png,819,614
0cbcc7b23613.png,2588,1958
0cd31078cd08.png,2048,1536
0ce062f26edc.png,819,614
0ceb222f6629.png,2416,1736
0cecc2864b7f.png,819,614
0d0a21fd354f.png,2588,1958
0d0b8fc9ab5c.png,2048,1536
0d310aba6373.png,2588,1958
0d744aed4d64.png,1050,1050
0d8f60ed9280.png,2048,1536
0d9a9896f801.png,1050,1050
0da09e3ce8f1.png,3216,2136
0da321efbce6.png,819,614
0da632ca45e0.png,2048,1536
0daddc45d832.png,1050,1050
0db1d8dcf219.png,2048,1536
0dbaa09a458c.png,2416,1736
0dbe6c26cedc.png,819,614
0dc031c94225.png,2416,1736
0dc8d25b3f69.png,2416,1736
0dce95217626.png,2416,1736
0e0003ddd8df.png,1050,1050
0e0fc1d9810c.png,4288,2848
0e3572b5884a.png,1050,1050
0e43c8298fc0.png,2048,1536
0e75d51152fc.png,3216,2136
0e82bcacc475.png,2588,1958
0e94cd271c00.png,1050,1050
0eb52045349f.png,4288,2848
0eced86c9db8.png,2048,1536
0edadb2aa127.png,4288,2848
0ef4c61dc056.png,1050,1050
0efc93ec838b.png,3388,2588
0eff8eacb2f7.png,2416,1736
0f364b7d4384.png,2588,1958
0f495d87656a.png,2416,1736
0f6e645466a2.png,819,614
0f882877bf13.png,2588,1958
0f96c358a250.png,2416,1736
0fb1053285cf.png,2416,1736
0fb560f9adb2.png,2588,1958
0fbbd665431f.png,819,614
0fc6829da85b.png,2588,1958
0fcfc6301f3d.png,3216,2136
0fd16b64697e.png,1844,1226
0fe31196e0e8.png,1050,1050
0fffa73e2402.png,2416,1736
1002b5151b8e.png,819,614
1002f3fe38f0.png,1050,1050
1006345f70b7.png,2416,1736
101b9ebfc720.png,2416,1736
103abbd8b63e.png,2048,1536
103f97a2ab15.png,2588,1958
107aea0d9289.png,2416,1736
10a5026eb8e6.png,2588,1958
10bf25731c08.png,1050,1050
10de500cf0c5.png,2048,1536
10ecc5292ab1.png,3388,2588
10eefba568dd.png,3216,2136
10f10fd30718.png,1050,1050
10f36b0239fb.png,4288,2848
10f6ef37fe43.png,1050,1050
10fca1abf338.png,1844,1226
1116271db4ea.png,2416,1736
111898ab463d.png,2416,1736
1120f6d08d95.png,2588,1958
11242a67122d.png,2144,1424
1124ffcd76c2.png,3388,2588
115e42dd6a81.png,2416,1736
1177d583c807.png,2416,1736
11b220a397b8.png,2048,1536
11b5c77fbf79.png,2588,1958
11d8e5eaee5b.png,1050,1050
12025b34deb8.png,2588,1958
12058bbb8299.png,1050,1050
1269ab57c2e6.png,2416,1736
12a82fc7d73e.png,3388,2588
12ab2f6397f0.png,1050,1050
12ae44be0d38.png,1050,1050
12b57dac703e.png,2588,1958
12bc439d373a.png,1050,1050
12ce6a1a1f31.png,2416,1736
12e3f5f2cb17.png,2416,1736
12e6e66c80a7.png,640,480
12ef75375322.png,1050,1050
13063d1bc4ea.png,2588,1958
13073f075a56.png,1050,1050
135575dc57c9.png,1504,1000
13ab8db8c700.png,2416,1736
13c191b59ed0.png,2048,1536
13d014ccd136.png,1050,1050
13d411c85ffd.png,1050,1050
13d71389563f.png,2416,1736
1409ab48175a.png,1050,1050
1411c8ab7161.png,1504,1000
1414128bead0.png,2588,1958
141735b57ec0.png,2416,1736
1438288bb2e1.png,2588,1958
143db89c11c8.png,1050,1050
144a1a426137.png,1050,1050
144b01e7b993.png,1504,1000
14515b8f19b6.png,3216,2136
14c3b41d289c.png,2588,1958
14e3f84445f7.png,1504,1000
14ee87d6cc42.png,640,480
1509d097b69a.png,1050,1050
150f92b45349.png,1050,1050
150fc7127582.png,1050,1050
152db3de8120.png,2048,1536
1541226c5d72.png,3216,2136
15528e740543.png,2588,1958
155e2df6bfcf.png,1050,1050
157d17349cc6.png,3388,2588
1594ca6c30d3.png,1844,1226
15b21c80cc31.png,1050,1050
15bed5adde74.png,2896,1944
15c24478ac72.png,1050,1050
15cc2aef772a.png,2416,1736
15cd5f52d300.png,3216,2136
15e24b73d4a7.png,1050,1050
15e96e848b46.png,2588,1958
15f440753916.png,2416,1736
15f8d769935c.png,1050,1050
1601c939412f.png,1050,1050
16060f05d047.png,1050,1050
1608c82a263f.png,2588,1958
1623e8e3adc4.png,3216,2136
1632c4311fc9.png,2416,1736
1633f8291a80.png,819,614
1638404f385c.png,1504,1000
164cd5a3a6cd.png,2588,1958
165634a6167e.png,2588,1958
165c548185f8.png,1050,1050
165cd2070ebd.png,3216,2136
166068a24416.png,2416,1736
16ce555748d8.png,2416,1736
17188c13e635.png,2588,1958
172df1330a60.png,2416,1736
174db0854291.png,1050,1050
175dd560810a.png,2416,1736
1782142e17d9.png,1050,1050
178412895d5e.png,2048,1536
17d7d6b092f4.png,2048,1536
17d997fe1090.png,2588,1958
17e6116b89b3.png,1050,1050
17eb5d4ad740.png,3216,2136
17eff993386f.png,2416,1736
17f6c7072f61.png,1050,1050
180afe1d5ef7.png,2416,1736
18323d8f2470.png,1844,1226
1844a039b4ea.png,3388,2588
184a185e7447.png,819,614
18621b9ca978.png,819,614
1864d3411143.png,2048,1536
186c1835eec5.png,1050,1050
187f6ccda87a.png,4288,2848
188219f2d9c6.png,2048,1536
188a9323be03.png,640,480
1891698febce.png,2588,1958
189cbbc9e5e3.png,2048,1536
18af532e7e1e.png,2588,1958
18b06f56ab27.png,3388,2588
18b7e34eab8f.png,1050,1050
18b99159a14f.png,1050,1050
18cde9649e90.png,2048,1536
18ce0cdc473d.png,2588,1958
18d8fdb140b7.png,3216,2136
18f1f979d30d.png,2588,1958
190a309f2cc5.png,819,614
19113e5f45ec.png,3216,2136
191348830ddf.png,2588,1958
191a711852bd.png,2416,1736
191cf5668f33.png,1050,1050
19244004583f.png,2416,1736
1943983492e5.png,3216,2136
194814669fee.png,2416,1736
19545647508e.png,1050,1050
1968183f0e61.png,3216,2136
196e6a186452.png,2416,1736
19722bff5a09.png,2416,1736
197af0de76e2.png,1050,1050
19b0e3c734f5.png,1050,1050
19e350c7c83c.png,2416,1736
19ef4d292196.png,1844,1226
1a03a7970337.png,2416,1736
1a0dbc6c0cda.png,1050,1050
1a19f2ef4472.png,2588,1958
1a1b4b2450ca.png,3216,2136
1a1e974a7dbf.png,1050,1050
1a369baf9ee6.png,2588,1958
1a7e3356b39c.png,4288,2848
1a90fad9ffa2.png,3388,2588
1ab3f1c71a5f.png,3216,2136
1ab8d3431ffc.png,2588,1958
1ade1e949383.png,3216,2136
1ae3c58759fb.png,1050,1050
1ae8c165fd53.png,3216,2136
1b329a127307.png,2588,1958
1b32e1d775ea.png,1504,1000
1b3647865779.png,819,614
1b398c0494d1.png,1050,1050
1b4625877527.png,1504,1000
1b495ac025b7.png,2416,1736
1b862fb6f65d.png,1050,1050
1b8701231c8f.png,819,614
1b8ad0afe9fb.png,2588,1958
1bb0ddfe753a.png,2416,1736
1bea04b2bb2d.png,3216,2136
1bf30c84bbad.png,4288,2848
1c0cf251b426.png,2416,1736
1c0e5dd1b14c.png,3216,2136
1c13a1483f4a.png,1050,1050
1c3a6b4449e9.png,2416,1736
1c47815f4a6b.png,1476,1117
1c4d87baaffc.png,2416,1736
1c4f3aa4df06.png,3216,2136
1c578b72d7b3.png,3388,2588
1c5ad36fb799.png,3216,2136
1c5e6cdc7ee1.png,2144,1424
1c6d119c3d70.png,1504,1000
1c7a013eeba7.png,1050,1050
1c9521878baf.png,3216,2136
1c9c583c10bf.png,2416,1736
1ca35d483772.png,1050,1050
1ca62b3e4fd3.png,2588,1958
1ca91751be4d.png,1050,1050
1caba2fb38f6.png,1050,1050
1cb6961d141c.png,819,614
1cb814ed6332.png,1504,1000
1cc58b15f466.png,2588,1958
1d0b93317aa8.png,2048,1536
1d11794057ff.png,819,614
1d14dd912671.png,3216,2136
1d2472849dce.png,1050,1050
1d29cb2f4296.png,2588,1958
1d37f1c8b6d8.png,1050,1050
1d3e9b939732.png,1050,1050
1d46f1326394.png,1050,1050
1d55e689cf84.png,3388,2588
1d674e2e32e0.png,4288,2848
1d74c4713e21.png,2048,1536
1da25637859b.png,3388,2588
1da4a17c18c9.png,1050,1050
1db0393cdbc1.png,819,614
1db18bdd43aa.png,2588,1958
1db6bb46c102.png,1050,1050
1dbdc32c17db.png,640,480
1dd9adcbfff4.png,3388,2588
1df0431bfa73.png,2048,1536
1df0a4c23c95.png,819,614
1df1530b9b8d.png,1050,1050
1df3e03a8f5f.png,2416,1736
1dfbede13143.png,2144,1424
1dfe599d12a9.png,819,614
1e036f2e7095.png,2588,1958
1e143fa3de57.png,1504,1000
1e1fb019710d.png,2416,1736
1e4650743fa2.png,3216,2136
1e4b3b823b95.png,2588,1958
1e742358e0b9.png,1476,1117
1e7ccd4a1c87.png,2588,1958
1e8a1fdee5b9.png,2416,1736
1e8c31e29dd3.png,1050,1050
1e9224ccca95.png,3216,2136
1ec95179cdfe.png,819,614
1ee1eb7943db.png,3216,2136
1ee355480567.png,2048,1536
1eee55494271.png,2048,1536
1efa5d443707.png,1844,1226
1f07dae3cadb.png,3216,2136
1f0e223b8055.png,3388,2588
1f15ca672675.png,2048,1536
1f31701dd61b.png,1050,1050
1f3f32efaf20.png,1050,1050
1f4bf8e28b41.png,2416,1736
1f4fb37e0854.png,819,614
1f543a86c4d4.png,3216,2136
1f5496352859.png,2048,1536
1f63d44d9e3c.png,1050,1050
1f9ccda4ddf2.png,819,614
1faf8664816c.png,1050,1050
1fb455685328.png,1050,1050
1fd5d860d4d7.png,3388,2588
1fddd7c98fd2.png,2588,1958
1ffaa51a6245.png,640,480
200d947f75db.png,2144,1424
2017cd92c63d.png,2416,1736
201f6e10c108.png,1050,1050
201f882365d3.png,819,614
203275daf46d.png,2416,1736
20404ec7b518.png,2416,1736
20688cb25704.png,2416,1736
207a580de0ea.png,3216,2136
207dd0487264.png,1050,1050
20c883d3bd38.png,3388,2588
20d5fdd450ae.png,3216,2136
20f86e068276.png,2588,1958
21037f5c7790.png,1050,1050
210bfe0127c6.png,2588,1958
211518c46162.png,3388,2588
2131aa3a1e6f.png,1844,1226
215d2b7c3fde.png,819,614
217dad18a5ed.png,3388,2588
218c822a3dd9.png,2588,1958
21abd36095a1.png,3216,2136
21d18b022429.png,2588,1958
22098b1fe461.png,2896,1944
2209daf71aab.png,2588,1958
2221cf5c7935.png,2588,1958
222d0ac042b4.png,2588,1958
222f3ee3a1e8.png,2416,1736
22325552a4e3.png,2416,1736
2241b7e90782.png,640,480
22449af52060.png,1050,1050
224bb938e2dd.png,3216,2136
224c14366e11.png,1050,1050
226c6ceb9185.png,2048,1536
22895c89792f.png,1504,1000
22a6da005395.png,2416,1736
22ce8ef69357.png,2588,1958
22d843b2bbd1.png,2048,1536
23148a40ecb0.png,2416,1736
23175b7ef453.png,3216,2136
232549883508.png,2416,1736
233d948e2544.png,2588,1958
234399352d36.png,1844,1226
236f56771ec6.png,2416,1736
2376e5415458.png,2588,1958
237aa50edc34.png,2588,1958
237c078d00fc.png,2588,1958
2399d68d407f.png,2048,1536
239f2c348ea4.png,2588,1958
23d7ca170bdb.png,2144,1424
23fca0693e2a.png,2416,1736
2408799a09b2.png,1050,1050
240b25a7debe.png,819,614
242fc19be06f.png,1050,1050
2463bb04ebc3.png,3216,2136
246e4506824a.png,3216,2136
247ac63e5510.png,3216,2136
247e98aba610.png,2416,1736
248139c423c4.png,2588,1958
248dec89b3a2.png,819,614
24b87f744598.png,3216,2136
24b943fe725e.png,1844,1226
24de56d433cd.png,1050,1050
24f271c87e73.png,2588,1958
24f3e70f0419.png,2588,1958
25002fe43f92.png,2588,1958
252305189b3a.png,1050,1050
2532613a584a.png,3388,2588
253e96488cfb.png,2416,1736
254052cf3e48.png,3216,2136
2585bbc91909.png,2048,1536
259d30f693b6.png,1050,1050
25a0a1e41afd.png,1050,1050
25b0e72705a8.png,2416,1736
25b4080f598b.png,2048,1536
25d069089c5e.png,2416,1736
25dc1b41ed9c.png,2588,1958
25e9fd872182.png,2416,1736
2608e1dac5b1.png,2416,1736
260a455692b5.png,2048,1536
261c6bd63bff.png,3388,2588
2628305cbb29.png,2416,1736
262ad704319c.png,640,480
263d8851e33b.png,2048,1536
26453eb7e989.png,640,480
26463a5fb949.png,4288,2848
2665f72e2dd3.png,2896,1944
266fbefa58fb.png,1050,1050
2682e6da9050.png,2588,1958
26999ebc21de.png,2416,1736
269b44e628eb.png,2588,1958
269f0792f11f.png,2588,1958
26cd40b57ad1.png,1050,1050
26d60db3bbfd.png,819,614
26d9576e8043.png,819,614
26e231747848.png,1504,1000
26fc2358a38d.png,1050,1050
2700754f71e9.png,819,614
272d9c043c81.png,3388,2588
2735be026d44.png,3388,2588
274f4de2a59d.png,1050,1050
274f5029189b.png,2416,1736
276b14f72328.png,2588,1958
2776d70724d3.png,3216,2136
278aa860dffd.png,2416,1736
27933cdbe0cc.png,1050,1050
27b68863349f.png,2416,1736
27bab1432f61.png,2416,1736
27e2be850a99.png,2416,1736
27e4c800a449.png,2416,1736
27f82ada84ac.png,819,614
27fca9f12b3c.png,2416,1736
281d7b7c7676.png,3388,2588
2821998fc002.png,1050,1050
282bc792d23a.png,3216,2136
283c3aeba594.png,2048,1536
28503940d10b.png,1050,1050
286e9981dd9b.png,2588,1958
28751f290ba3.png,1050,1050
28824d12d31d.png,4288,2848
289a47dcbb82.png,2048,1536
28a4d00927b7.png,2588,1958
28dc010a0780.png,1050,1050
28f73575e1f2.png,819,614
28f93cad89c5.png,3388,2588
28f98cfe3858.png,3388,2588
290ecdba359f.png,3388,2588
29192375ab1b.png,1050,1050
291e2ff3d834.png,2416,1736
291f581d365e.png,2416,1736
2923971566fe.png,2416,1736
2927665214e1.png,1050,1050
29580bed2f7d.png,2416,1736
295fdc964f6e.png,2416,1736
2967e578939f.png,2588,1958
2974c6ad1d58.png,1050,1050
299086c6d1b5.png,2588,1958
2994f17f58a5.png,2416,1736
29a13e666266.png,1050,1050
29b52f64d2db.png,2896,1944
29bc0e721cfe.png,3388,2588
29d059522fa1.png,1050,1050
29f44aea93a4.png,3216,2136
29f9e1ac9507.png,819,614
2a08ed6bbcbc.png,2416,1736
2a099b247b10.png,1050,1050
2a2274bcb00a.png,2588,1958
2a2a6435f7f3.png,1050,1050
2a3378bcfbcc.png,2416,1736
2a3a1ed1c285.png,3216,2136
2a4520f1f9a3.png,1050,1050
2a47e5b21791.png,2416,1736
2a5a8b744f08.png,2416,1736
2a7373eeb352.png,819,614
2a8a9e957a6c.png,2416,1736
2a93334f663a.png,1050,1050
2af1bf226f51.png,2588,1958
2b074afdf626.png,2416,1736
2b07790a2422.png,3388,2588
2b10f138e67d.png,819,614
2b21d293fdf2.png,3216,2136
2b2f5a0f880d.png,2048,1536
2b3a4a81d748.png,1050,1050
2b48daf24be0.png,2416,1736
2b4c7b5f1f1e.png,1050,1050
2b5bb6d33959.png,2048,1536
2b88cb6e31cd.png,3216,2136
2ba0b0d9bda2.png,2416,1736
2bb063318cf1.png,3216,2136
2bb3c492d6d3.png,2588,1958
2bbcfdc477db.png,1844,1226
2bbd1f99ecc3.png,2896,1944
2bd4d4fbed5c.png,3216,2136
2c1d5be654dd.png,3388,2588
2c2aa057afc5.png,1504,1000
2c77bf969079.png,2588,1958
2c8101f14723.png,2048,1536
2c827005b8f8.png,1050,1050
2c9dfc270f1b.png,1050,1050
2cacdb0dffae.png,1050,1050
2cbfc6182ba2.png,3216,2136
2cceb07ff706.png,1504,1000
2cdcc910778d.png,819,614
2cef97083e6f.png,3216,2136
2cf18033da31.png,2048,1536
2cfe8703f265.png,2588,1958
2d04cead4d3a.png,2048,1536
2d07162a13b1.png,2588,1958
2d3f4094c08a.png,2048,1536
2d552318eb07.png,474,358
2d558de2cabe.png,2048,1536
2d7666b8884f.png,1844,1226
2d870833c0c9.png,3388,2588
2d9d97a6e713.png,2416,1736
2da82d14e1b7.png,1050,1050
2db0cd3e30da.png,2588,1958
2dc647e00ad3.png,2588,1958
2dd28ac497d2.png,1050,1050
2df07eb5779f.png,3216,2136
2e26762daed5.png,3216,2136
2e79041ef722.png,2588,1958
2eba4279e503.png,1050,1050
2ecbc2e3f239.png,3388,2588
2ef10194e80d.png,2048,1536
2ef4a04aed1b.png,1050,1050
2ef955d6d9ff.png,819,614
2f143453bb71.png,2588,1958
2f284b6a1940.png,2416,1736
2f2e1949ad56.png,2416,1736
2f42e20db938.png,2588,1958
2f4e81787d9b.png,3388,2588
2f5c9cdfb333.png,2588,1958
2f7789c1e046.png,1504,1000
2f7fbdcc9a4b.png,2048,1536
2f81ee5f2926.png,819,614
2f8d14a7d390.png,2588,1958
2f9b66784109.png,3216,2136
2fb3a8606a77.png,3388,2588
2fde69f20585.png,4288,2848
2fdfb80ea53c.png,1050,1050
2fdffb6160a6.png,2416,1736
2fe06bedb2c4.png,2588,1958
2fefb720869a.png,2048,1536
300305ce82d2.png,3216,2136
30263a7d5609.png,2588,1958
302bcdb635ff.png,1844,1226
3044022c6969.png,2416,1736
306c841af3fc.png,2588,1958
3079490a4b9c.png,1050,1050
308f7fce6f0d.png,2588,1958
30941b65348b.png,2416,1736
30cab14951ac.png,2416,1736
30db694bee42.png,2048,1536
310c27067ac0.png,1050,1050
312694ea8e6a.png,2416,1736
3128eb593012.png,2588,1958
3132556f5352.png,1050,1050
31360e44ac64.png,2588,1958
31452ad8808c.png,1844,1226
314862758acf.png,2416,1736
315c1a0d87fd.png,1050,1050
31616ff6b53b.png,2416,1736
3178559fbf57.png,1050,1050
318eb706a134.png,2048,1536
31b5d6fb0256.png,2416,1736
31cb39681f6a.png,1844,1226
3206171db5be.png,4288,2848
3218a6d8eb2c.png,3388,2588
3232b34cbe99.png,1050,1050
3246f07e65b4.png,1844,1226
3254e48c8aa0.png,1050,1050
3286073a976e.png,819,614
328d141ed3aa.png,1050,1050
32a3eb37ff40.png,2416,1736
32d7d360d891.png,1050,1050
32ed318235b8.png,1050,1050
33105f9b3a04.png,2416,1736
331121c65e88.png,2048,1536
331b87d1b9d1.png,2416,1736
3323fd59782e.png,1050,1050
3325b1fe55d2.png,1050,1050
33596a635b53.png,2048,1536
33778d136069.png,1476,1117
338326891d84.png,2048,1536
33b893e18eb3.png,2416,1736
33b91def2035.png,819,614
33b978734eab.png,2048,1536
33d72035c27a.png,2048,1536
33e7bf536fc5.png,2588,1958
33e8e26a75d4.png,2416,1736
33ffddea8c6e.png,1050,1050
3402124408ea.png,2416,1736
3428230bf1bd.png,2416,1736
342edf9b889d.png,819,614
3435fd8675a2.png,1476,1117
345b1f0abbba.png,2588,1958
3461dc601cc2.png,2588,1958
34723fae6475.png,2416,1736
348598d01e18.png,1050,1050
3486f7096276.png,2588,1958
349f3c0ac83e.png,2588,1958
34a7dbd3f05c.png,2048,1536
34acae864963.png,2048,1536
351e842842a2.png,2588,1958
352e4a939242.png,2588,1958
35362d43e753.png,1050,1050
354b8911d6ed.png,3388,2588
356304d15a5c.png,1050,1050
35777eb7859d.png,2588,1958
357f02a779d7.png,1050,1050
3580a545016d.png,1050,1050
358d2224de73.png,3388,2588
3599029efeb3.png,2588,1958
359bab5d784b.png,1050,1050
35aa7f5c2ec0.png,2416,1736
35ac70c0d08f.png,1050,1050
35beb47fe159.png,1050,1050
35cd9832fc0a.png,1050,1050
35d6c4c50072.png,2416,1736
35df2bc6ae95.png,1050,1050
3601dac9bed7.png,2588,1958
36041171f441.png,2416,1736
360832d84ce0.png,819,614
362c4a96cebb.png,4288,2848
365f8c01d994.png,1050,1050
36677b70b1ef.png,2416,1736
367c7049929c.png,1050,1050
36865bbc64d6.png,2896,1944
369229040a34.png,1050,1050
3694e8c8e09a.png,2588,1958
36a1e3c780a0.png,2416,1736
36b5b3c9fb32.png,2588,1958
36e4b704b905.png,819,614
36ec36c301c1.png,1504,1000
370f575adb23.png,1050,1050
3710ff45299c.png,1050,1050
3730c322d35b.png,1050,1050
3732de8b416f.png,2588,1958
374535e0adb8.png,4288,2848
3748349334f6.png,3216,2136
378963f9df22.png,1844,1226
3796af4d987a.png,2588,1958
37c4dfe03aba.png,640,480
37c523296d42.png,1050,1050
37de05ef12a5.png,3216,2136
38055d8b9f08.png,2416,1736
3810040096cb.png,3216,2136
3823acc4e464.png,2048,1536
382752f6694a.png,2416,1736
38373431d996.png,2048,1536
383e72af1955.png,2416,1736
384631079d1e.png,3388,2588
38487e1a5b1f.png,1504,1000
384db24ebbd7.png,1050,1050
384e6c915722.png,2588,1958
387138ddf43d.png,819,614
388279491b5d.png,2048,1536
388f12e8df0b.png,3216,2136
389552047476.png,1050,1050
38b9bb961847.png,1050,1050
38c7153457e2.png,1050,1050
38e0e28d35d3.png,1050,1050
38e111cac46f.png,3388,2588
38f1901f214a.png,2588,1958
38fe9f854046.png,2144,1424
3908b3cfd620.png,1050,1050
39134907127a.png,3216,2136
393fa5a023a5.png,1050,1050
39923b29988a.png,1844,1226
39aa3cd93c50.png,2588,1958
39b5b05d6cd9.png,2588,1958
39f8935185e6.png,1050,1050
39fd8ef3a45c.png,1050,1050
3a122851e526.png,640,480
3a1d3ce00f0c.png,3216,2136
3a1ecf5e2839.png,2416,1736
3a4cfea0a766.png,1050,1050
3a61e690f4bb.png,640,480
3a643599f852.png,2048,1536
3a6e9730b298.png,2588,1958
3aa2b1ce6700.png,2416,1736
3abac0961bfd.png,1050,1050
3ac3fbfca7d4.png,3216,2136
3ac92ac3d65a.png,2048,1536
3af9aaa880e9.png,1050,1050
3b018e8b7303.png,2588,1958
3b0190bbe615.png,1050,1050
3b10191dfd25.png,819,614
3b185ac445d0.png,640,480
3b232b394e4f.png,2588,1958
3b2b91590590.png,1050,1050
3b4a5fcbe5e0.png,1504,1000
3b58b02c89ed.png,3216,2136
3b5dffe159b6.png,1050,1050
3b73a3a4a734.png,2416,1736
3b9817a39adf.png,1050,1050
3b9c1f42c2f2.png,3216,2136
3bf2deaa5ef0.png,1050,1050
3bf3085ac167.png,1050,1050
3c1efa38d0da.png,2588,1958
3c28fd846b43.png,1050,1050
3c311c9109b0.png,2416,1736
3c326543fff6.png,2048,1536
3c42512c81e0.png,1050,1050
3c53198519f7.png,2144,1424
3c726de3ee90.png,3216,2136
3c72f580d4ba.png,1050,1050
3c78bfca247b.png,3388,2588
3c9529918097.png,1050,1050
3ca12e02dd4e.png,1050,1050
3ca637fddd56.png,1504,1000
3ca8be3b40d6.png,819,614
3cab32dd6ef9.png,1050,1050
3ccf96c1dd6d.png,3216,2136
3cd801ffdbf0.png,1504,1000
3cd9713c0ecb.png,1050,1050
3cdda8b3df19.png,2416,1736
3cdef7c591cc.png,819,614
3ce2f8a77a32.png,2048,1536
3d2ecffe0386.png,819,614
3d3e288d490e.png,2896,1944
3d663a6a50a3.png,1844,1226
3dbc90c7ee7d.png,2588,1958
3dbfbc11e105.png,3216,2136
3ddb86eb530e.png,2588,1958
3de8ad4151e1.png,2416,1736
3dec415b188a.png,1050,1050
3dfc50108072.png,2416,1736
3e1f8fecb06f.png,1504,1000
3e3a3955b9c5.png,2416,1736
3e61703b5ab2.png,2048,1536
3e6bfc4d5c65.png,2588,1958
3e86335bc2fd.png,1504,1000
3ee17aa12e46.png,2416,1736
3ee4841936ef.png,2416,1736
3f0d3629d69e.png,2048,1536
3f3de2a6b0f5.png,2588,1958
3f44d749cd0b.png,2416,1736
3f47f83217b5.png,2416,1736
3f49f8d100e9.png,2588,1958
3f5b4c2948e8.png,1050,1050
3f6bccf21ce8.png,1050,1050
3f6c627e2ff2.png,1050,1050
3f73c91b7e32.png,2416,1736
3f752fcccec0.png,2416,1736
3f82631e9080.png,2048,1536
3f8d5c940ba4.png,3388,2588
3f98be586fe3.png,1050,1050
3fa4f4d77177.png,2416,1736
3fc219927a97.png,2416,1736
3fd45879afe6.png,1050,1050
3fd7df6099e3.png,2144,1424
3fe282197c1c.png,2048,1536
3ffa14d60b24.png,3216,2136
40140a925c43.png,2416,1736
401fdfd0db07.png,1050,1050
4029d70e9d8a.png,4288,2848
4036471a1bb7.png,2048,1536
404ede327e98.png,819,614
405085b53d7b.png,1050,1050
40527a5e95dd.png,2416,1736
405b4f78658f.png,2146,1764
408ea9d5e082.png,3388,2588
40c24aded50c.png,1050,1050
40dd4e6e4444.png,2048,1536
40e9b5630438.png,2416,1736
41345cec5957.png,2048,1536
4134b290f5f3.png,2588,1958
4145dcb25053.png,2048,1536
4158c340fa49.png,2588,1958
415d5c5e785f.png,1050,1050
415f2d2bd2a1.png,1050,1050
417f408ee8e0.png,2588,1958
4189d4e631ec.png,2416,1736
419406328dcd.png,3216,2136
41960d5f58c2.png,2588,1958
41ab357d103f.png,819,614
4205e9deb058.png,1050,1050
4210809074c1.png,1050,1050
423abbaa5fad.png,3216,2136
4242c0d87f57.png,2588,1958
4246ed634f25.png,2416,1736
4276b82e4489.png,2048,1536
4289af3afbd2.png,3216,2136
4294a14c656a.png,3216,2136
42985aa2e32f.png,2416,1736
42a67337fa8e.png,2588,1958
42a850acd2ac.png,2416,1736
42af7282349b.png,2588,1958
42b08dca9b2f.png,2416,1736
42b93b574f23.png,1050,1050
42b9c1977681.png,1050,1050
42c65af5ab16.png,2048,1536
42cc993f23a9.png,2588,1958
4318b6adeb97.png,2048,1536
4350a1b2f3cb.png,1050,1050
435414ccccf7.png,2048,1536
435d900fa7b2.png,2416,1736
4360a112db10.png,2896,1944
436e1793d240.png,2588,1958
436e7a7af761.png,2048,1536
436fa3fd145a.png,2048,1536
437900a99871.png,2588,1958
437cbec4a3f8.png,2416,1736
43823561c3f0.png,2048,1536
4384fa687afa.png,2416,1736
4393c5bc576a.png,2896,1944
43bc7c066dfb.png,1050,1050
43ddd0ab0cc4.png,3388,2588
43e9c66eb0f3.png,2588,1958
43f22d1be8dd.png,819,614
43fb6eda9b97.png,2144,1424
4403538fb50f.png,1050,1050
4409965eb2a4.png,1050,1050
441117562359.png,3216,2136
441848e0f308.png,819,614
441affbe99aa.png,640,480
44271f3cb18f.png,819,614
445a8a6da55c.png,1050,1050
4462fba1d2a1.png,3216,2136
4464bb62bf20.png,2588,1958
4478b870e549.png,2416,1736
44855f666225.png,2588,1958
44878f34e31f.png,1050,1050
4489d421e5aa.png,3216,2136
44976c3b11a6.png,2588,1958
44a4d04162cc.png,1050,1050
44a86263117b.png,1050,1050
44c869174e3a.png,3216,2136
44e0d56e9d42.png,3216,2136
44e951e45dca.png,2416,1736
44ecf3f4efa5.png,2416,1736
44f4ae58990e.png,2416,1736
44f7f3ef9d50.png,2588,1958
4528fbbd43a3.png,1050,1050
45369821d6a3.png,1050,1050
453a1e2754b2.png,640,480
453d553b0a94.png,3216,2136
454792eb6e05.png,2048,1536
454a944eb557.png,819,614
4554062fa836.png,2588,1958
45693d027798.png,1050,1050
457c7c927e27.png,2588,1958
45ae04cfde5d.png,3216,2136
45c39ab9e797.png,2588,1958
45e4b7eada54.png,2416,1736
460893cd86e3.png,1050,1050
461fa5292fda.png,1050,1050
462937ece243.png,1050,1050
465c618f7b23.png,2416,1736
4661006f3ba6.png,2416,1736
467b7d9d811c.png,2416,1736
4689b739d240.png,2416,1736
46923eea9a4e.png,2416,1736
46acc506fa61.png,1050,1050
46c1548d730e.png,2588,1958
46cdc8b685bd.png,3216,2136
46d3316c4857.png,3216,2136
46f56c38051f.png,3388,2588
4704dbb59536.png,2048,1536
4731e708ede3.png,819,614
475300735b7f.png,1050,1050
47536db39f00.png,2588,1958
475c7ded0f7a.png,3388,2588
478fc46eaa49.png,1050,1050
47b756014447.png,2416,1736
47d1603a555b.png,2416,1736
47e51065b819.png,3216,2136
4818672273af.png,3388,2588
482088e6be44.png,2048,1536
4826d10030b3.png,1050,1050
484dbeb9bf2a.png,2048,1536
48543037d0b3.png,2416,1736
4860f7813654.png,2588,1958
486e852a3b4d.png,819,614
48a45619d1a3.png,819,614
48afe8c47454.png,3216,2136
48c49f662f7d.png,1504,1000
48c72dec46e5.png,2416,1736
48fda42bd5d4.png,3216,2136
4926dea289f8.png,1050,1050
4927945ecfed.png,1050,1050
49386d603494.png,2416,1736
493d99f030e2.png,2588,1958
49419f8d5cb4.png,3216,2136
494fc9c745a3.png,2416,1736
495106ae3b68.png,1050,1050
495255c7492f.png,2416,1736
4958bfcc9f38.png,1050,1050
496155f71d0a.png,1050,1050
4982378d72f9.png,2048,1536
498f143c0374.png,4288,2848
499c8df39222.png,2416,1736
49a4765f8822.png,3216,2136
49c5e7f6b8d2.png,2416,1736
49d69c4c6290.png,2416,1736
49e4b95ee2dc.png,2588,1958
49eb73968c44.png,819,614
4a05f81b3aba.png,819,614
4a0890b08532.png,3216,2136
4a0bba3b7d83.png,2416,1736
4a1afe4044f4.png,819,614
4a213b405ee4.png,3388,2588
4a3da369b227.png,3216,2136
4a44cc840ebe.png,3216,2136
4a4cb731f91a.png,2048,1536
4a558a1cd243.png,2588,1958
4a589edaea60.png,1050,1050
4a5a6efc0bef.png,1050,1050
4a693dd3921a.png,2588,1958
4a7dc013e802.png,2588,1958
4a96c28f3f07.png,819,614
4aa07d720638.png,2416,1736
4aa3d771c5e4.png,1050,1050
4ab8c0cece7f.png,1050,1050
4abca30b676b.png,2416,1736
4ad6109706e8.png,3216,2136
4ad8d3ec8789.png,2048,1536
4b1001050f1d.png,2588,1958
4b237b958555.png,1050,1050
4b422b48d0d4.png,2588,1958
4b5ffea77373.png,3216,2136
4b618537d52f.png,2416,1736
4b6895d0cf8d.png,819,614
4b6cb0bcfd44.png,2048,1536
4bcee3cbe232.png,1050,1050
4bd5d0b30198.png,1050,1050
4bd941611343.png,2588,1958
4beeca5cc859.png,1050,1050
4c129470cec4.png,2416,1736
4c17e85686f0.png,1050,1050
4c389d033cb0.png,2048,1536
4c3c1ed09771.png,2416,1736
4c52922f3bfd.png,2416,1736
4c53cc97ea13.png,2048,1536
4c570172778b.png,3388,2588
4c5ab774a381.png,2048,1536
4c60b10a3a6a.png,2588,1958
4c60f6fcea75.png,819,614
4c635a01593d.png,2048,1536
4c6c5a1bf5ab.png,819,614
4c78d9d18da9.png,2416,1736
4c9f0fdaaef7.png,2588,1958
4cae247d9909.png,1050,1050
4ccee4db09b6.png,2048,1536
4ccfa0b4e96c.png,1476,1117
4cddfc22b0ad.png,819,614
4cde86044ad1.png,1050,1050
4ce74e5eb51d.png,3216,2136
4cf4d528c08e.png,2048,1536
4cfd22ae43d4.png,1050,1050
4d009cebabc9.png,3216,2136
4d167ca69ea8.png,1050,1050
4d17559ac1e2.png,2588,1958
4d1cf360b2d7.png,3388,2588
4d1e7def7624.png,2588,1958
4d21ce39c905.png,3216,2136
4d3de40ced3a.png,1050,1050
4d47300e3ddb.png,2588,1958
4d7d6928534a.png,1504,1000
4d9fc85a8259.png,2416,1736
4da2961e62fe.png,2588,1958
4da6e2089d57.png,3216,2136
4dbce359d0e1.png,3388,2588
4dc2211a1c31.png,2588,1958
4dd14c380696.png,819,614
4dd4a4bf2421.png,1050,1050
4dd5d5ccddcf.png,2416,1736
4dd71fc7f22b.png,640,480
4dd7b322f342.png,819,614
4dd9d29eae5d.png,2588,1958
4df6a81b476e.png,2588,1958
4e0656629d02.png,2588,1958
4e1e252317b5.png,1050,1050
4e231670b48c.png,1050,1050
4e43d05cc2ef.png,2416,1736
4e4a6224a04e.png,1050,1050
4e54ccfd49b2.png,1050,1050
4e6071b73120.png,1844,1226
4e7694eebb91.png,2416,1736
4e82c3c8d31f.png,3388,2588
4e8585a96739.png,819,614
4e85aa647534.png,819,614
4eabad7948cf.png,2048,1536
4eaf2f81819d.png,1050,1050
4ec7796df40e.png,2048,1536
4ecd1fdd1435.png,2416,1736
4ed31cc07366.png,3216,2136
4ee1ad981a6d.png,2588,1958
4ef0b485a7da.png,1050,1050
4ef16a53d899.png,819,614
4ef7144e24ff.png,2416,1736
4f0866b90c27.png,2896,1944
4f20f9a9a65b.png,2588,1958
4f46d7ee61ed.png,3216,2136
4f5dd7660b17.png,2416,1736
4f60129e9a5b.png,3216,2136
4f6abc40c72d.png,1050,1050
4f7755e74a9e.png,2416,1736
4fa26d065ad3.png,2416,1736
4faf4063db8c.png,1050,1050
4fd5ec0dca09.png,819,614
4fecf87184e6.png,2416,1736
4fef9ed8a4c5.png,3216,2136
4ffa38550c95.png,2048,1536
500aad15b7c8.png,2048,1536
501c319f7a9f.png,1050,1050
504a69096fcb.png,1050,1050
5056fa7d505f.png,819,614
5069feccd866.png,2048,1536
5077cdb88aed.png,1050,1050
5078caaf1f57.png,819,614
50840c36f0b4.png,2588,1958
5090917a2676.png,2588,1958
50915e2329a1.png,2048,1536
50916d67bb51.png,1050,1050
50a2aef380c8.png,3216,2136
50d8249f7bc9.png,2048,1536
50d8a8fb7737.png,2588,1958
50ddd7d976df.png,2588,1958
50f5201fd18a.png,819,614
51030843fde2.png,3216,2136
510aa0a898fa.png,2588,1958
51131b48f9d4.png,2416,1736
511fd66b2df8.png,2588,1958
51269b77d312.png,2416,1736
513b0a4651fa.png,1050,1050
51405d042000.png,3216,2136
5152bf091152.png,3216,2136
5173d54fc214.png,3216,2136
5188a8afa879.png,3216,2136
518e880613de.png,3216,2136
519c6e8f78dc.png,2048,1536
51a078d6d43a.png,1050,1050
51a1d162e223.png,1844,1226
51aa3361294c.png,819,614
51af8a689511.png,1050,1050
51af8c112682.png,2588,1958
51cd8d2057fa.png,1050,1050
51cfeccaf40d.png,3216,2136
51d0034d177d.png,2588,1958
51d574513bcb.png,1844,1226
51d780864365.png,2416,1736
51da6aebba8f.png,2588,1958
51e656e5a541.png,819,614
521b5377a727.png,819,614
521d3e264d71.png,1504,1000
52230bbef30e.png,2416,1736
523b3f0fc646.png,2588,1958
523d0c2cb4d6.png,3216,2136
523ff163211b.png,4288,2848
524f240e0c90.png,3216,2136
5257cb536da2.png,819,614
525acfea47e8.png,2416,1736
525d0dd8dc45.png,819,614
5264a54e1830.png,819,614
5265dc9acdf8.png,3216,2136
527bea76116c.png,2416,1736
52886bed8a07.png,3216,2136
5288f7441f64.png,819,614
5293576816aa.png,1050,1050
529906ff9dfa.png,1050,1050
5299a532f0e0.png,1050,1050
52ae917fcea4.png,2416,1736
52dbec057cc8.png,3216,2136
52ddde91a349.png,1050,1050
52edbe29d655.png,1050,1050
530d78467615.png,3216,2136
531b39880c32.png,2416,1736
5321ab64f9ea.png,1050,1050
53273d664cd8.png,1050,1050
5327f88a1919.png,2588,1958
53327edb9e4d.png,1050,1050
5347b4c8e9b3.png,2588,1958
535682537302.png,1050,1050
53704c80f0d8.png,2416,1736
537e50fdf22e.png,2896,1944
537e5c578f40.png,819,614
53c874dbc594.png,2048,1536
53ddae6a619e.png,2048,1536
53f6c1c65c04.png,2416,1736
54038e56131d.png,1050,1050
540e4973829e.png,819,614
541db13517e2.png,1844,1226
542964865b1e.png,1050,1050
54334705a34d.png,2048,1536
5445255635f0.png,2588,1958
545df1bbcd61.png,1050,1050
547b37da9223.png,3388,2588
5486da4273d7.png,3388,2588
549381330191.png,1050,1050
54b322c66d01.png,2048,1536
54bbe3da103e.png,2588,1958
54bdcdecd8f3.png,2048,1536
54cab3596214.png,1050,1050
54dc6e8107cd.png,2416,1736
54f57cf26126.png,2048,1536
55034b1dbff2.png,3216,2136
55092c0071eb.png,2416,1736
5511f114e7ee.png,2048,1536
5548a7961a3e.png,2588,1958
555d0bef3c5b.png,1050,1050
55968f0e63c4.png,1050,1050
55eac26bd383.png,2416,1736
55eb405ec71e.png,3388,2588
55f7f018c61c.png,2588,1958
55fd453001cc.png,2416,1736
5633ced07d8e.png,2416,1736
565f3404f9b2.png,1050,1050
5671eb95512b.png,2416,1736
568455854a11.png,819,614
56e56aa08362.png,3216,2136
5712e2aa73a2.png,2416,1736
571bbdbf585e.png,1050,1050
5723d0ec895e.png,2588,1958
5728b8aa98ef.png,1050,1050
573ea80a53be.png,2048,1536
57469423a012.png,2416,1736
576e189d23d4.png,1504,1000
57760be09c03.png,3216,2136
5777ef74c9ec.png,2416,1736
578109578b46.png,2588,1958
57a5e4274275.png,2048,1536
57a5f1015504.png,3216,2136
57a710de68a4.png,1050,1050
57ce57a8cfb0.png,2416,1736
57db4781e7ec.png,1050,1050
57f5ad4b5b29.png,819,614
57f933d3d7c7.png,2588,1958
58059e73d2d4.png,819,614
5814cbd2e9bf.png,1050,1050
58184d6fd087.png,2416,1736
582115961a3d.png,2416,1736
582f739b8f62.png,2416,1736
58529a8638d0.png,3216,2136
586f5c56081e.png,1050,1050
587146a55885.png,2416,1736
5879285f9d8d.png,2588,1958
5889a0c75cac.png,1050,1050
58a9e0d7f7af.png,1050,1050
58af2c054ced.png,1050,1050
58b866484a05.png,1844,1226
58c12863f33d.png,1050,1050
58ccba7eec9c.png,2416,1736
58eb3809f456.png,2048,1536
58f07741ee3b.png,2048,1536
5905a9b06a73.png,2588,1958
594f69b503ad.png,4288,2848
595446774178.png,2416,1736
596f4fdb0004.png,1050,1050
598b8f5b3822.png,819,614
59928f999ae7.png,2048,1536
599498e9e4bc.png,2048,1536
5995321563b7.png,1050,1050
599b89048034.png,3388,2588
59bd19c1c5bb.png,1050,1050
59e5212f7139.png,2416,1736
59ee65760535.png,2588,1958
59f3f70abddd.png,3216,2136
59fee5bc3479.png,2588,1958
5a03fe3ed15c.png,2416,1736
5a091e8cd95c.png,2416,1736
5a0fe0ee4301.png,1050,1050
5a11d21c2828.png,3388,2588
5a179c123fd8.png,819,614
5a27b9b2a9c1.png,819,614
5a2c27b95c7c.png,2416,1736
5a36cea278ae.png,3216,2136
5a444c32cd9a.png,1050,1050
5a5d3798c357.png,3216,2136
5a93c0f783c4.png,819,614
5ac7a414560e.png,1050,1050
5ad3dabeb2cd.png,1050,1050
5b068765e846.png,2416,1736
5b0e53f53ef3.png,2416,1736
5b1c4cefeb24.png,2048,1536
5b2648ad455e.png,2048,1536
5b301a6d1ac7.png,2588,1958
5b32ece9c627.png,1050,1050
5b3d41626ec5.png,1050,1050
5b3e7197ac1c.png,2416,1736
5b47043942f4.png,819,614
5b5b80a3edee.png,2588,1958
5b644a403e1f.png,2416,1736
5b72ff04333d.png,2416,1736
5b76117c4bcb.png,2416,1736
5b804948e35f.png,819,614
5b994ff78547.png,1050,1050
5ba156a35ff2.png,1050,1050
5baed382f062.png,819,614
5bda2ed09e62.png,3388,2588
5bea250d8bf5.png,1050,1050
5bf3357a2823.png,2048,1536
5bf6f2958e53.png,1050,1050
5c6194562ed2.png,3216,2136
5c7ab966a3ee.png,2588,1958
5c817060c0ed.png,1050,1050
5c8482926a08.png,3216,2136
5c85d22bd0de.png,1050,1050
5ca73d28f17f.png,2048,1536
5ca779ace6e7.png,1050,1050
5cab3ef4b31c.png,2588,1958
5cbe88914a72.png,1050,1050
5cc6dea19614.png,2588,1958
5cde55f745af.png,2416,1736
5ce5eeaf757a.png,2048,1536
5cf9127f251a.png,3216,2136
5d024177e214.png,3216,2136
5d3c8c1f57da.png,819,614
5d4e5fd34d91.png,2048,1536
5d5b5da5f939.png,1050,1050
5d6239c0fd39.png,1050,1050
5d74f98d62be.png,1844,1226
5d9c841eb245.png,2048,1536
5db2e3a4594a.png,1050,1050
5db895d3f1fc.png,2048,1536
5dc23e440de3.png,3216,2136
5dd2e26fc244.png,1050,1050
5de4615a5161.png,1050,1050
5e18af29d812.png,2416,1736
5e505e25cd3e.png,2048,1536
5e5275ddee29.png,1050,1050
5e52c9fe676f.png,2588,1958
5e7630f8438e.png,3216,2136
5e7cc6ab4ac4.png,2416,1736
5e7db41b3bee.png,3216,2136
5e97cb2b0888.png,819,614
5ea9e447bb62.png,1050,1050
5ead17e894ae.png,819,614
5eb311bcb5f9.png,1504,1000
5eb8fb1aad41.png,1050,1050
5ed6dc419e4d.png,2416,1736
5efa24b03d5e.png,2896,1944
5f13e8a07344.png,640,480
5f4a8c074bd5.png,1050,1050
5f51192841f7.png,1050,1050
5f6db235c04d.png,1050,1050
5f70ad48a525.png,3388,2588
5fcff7280019.png,819,614
6028a575dc27.png,2416,1736
6061f5b7378d.png,2896,1944
606daaf0bfc7.png,819,614
6089fa333013.png,2588,1958
609be3ca5ddf.png,819,614
60aa4e649abf.png,2588,1958
60e269e3e188.png,2416,1736
60edda7b4871.png,2048,1536
60eeae3ba23d.png,3216,2136
60f15dd68d30.png,2896,1944
6107a2e9f60e.png,1476,1117
6110ecb3bb1c.png,1050,1050
612f2df37a1d.png,2416,1736
613028ede6a0.png,1050,1050
613bacb35c05.png,2416,1736
6155cf375354.png,1050,1050
6165081b9021.png,2416,1736
6180920bc224.png,1050,1050
6181aa9f75f4.png,2588,1958
6194e0fff071.png,1844,1226
61a62b1dcc36.png,2048,1536
61ac9b0dc6b9.png,4288,2848
61bbc11fe503.png,2416,1736
61bbe8db6f3a.png,2416,1736
61c2fbd16e38.png,2588,1958
61c667663f2f.png,1050,1050
61d9c88a3a4b.png,2048,1536
61da799bf0aa.png,2588,1958
61e301bd3c25.png,3388,2588
61f403fdb434.png,2588,1958
62318d514160.png,2416,1736
624fb7317106.png,2416,1736
6253f23229b1.png,2896,1944
628b581aa905.png,2048,1536
6294b378d09f.png,819,614
6298468d7d75.png,3388,2588
62ab144d5cee.png,2144,1424
62b4be2799ca.png,1050,1050
62b826899151.png,1050,1050
62cc7ddb53b6.png,3216,2136
62e6f814c8f5.png,2416,1736
62ecdc90dd42.png,1050,1050
6324d77cf926.png,1050,1050
63363410389a.png,2416,1736
633fe9dbaf39.png,2588,1958
6363b360aefb.png,3216,2136
6377e23928f6.png,3216,2136
639915f58a2f.png,1050,1050
63a03880939c.png,2416,1736
63b4d030b016.png,2416,1736
63b71347e95d.png,1050,1050
63c0eafd6aa9.png,1050,1050
63c3c571b8ee.png,640,480
63c7b0265775.png,1476,1117
63d217b059b6.png,2416,1736
63e041a757eb.png,2588,1958
64678182d8a8.png,2416,1736
64a13949e879.png,3216,2136
64ac539f58cb.png,2048,1536
64b9206afb3f.png,1050,1050
64bad93fde3f.png,1844,1226
64c6c6ee0d98.png,2588,1958
64eb5a79dfdd.png,2588,1958
64fedbf97473.png,2588,1958
650104ede84c.png,1050,1050
6504b703c429.png,1050,1050
650fbed3fdca.png,3216,2136
6531070bf03c.png,3216,2136
653534ded339.png,1050,1050
655cafb4c932.png,2416,1736
657859f893d9.png,3216,2136
658ad9f09f5d.png,819,614
65a3b13ad9a0.png,2416,1736
65a7fe9482fe.png,1050,1050
65c958379680.png,2144,1424
65cf00be6fb4.png,819,614
65dda202653d.png,2588,1958
65e120143825.png,2416,1736
65e51e18242b.png,2416,1736
65e530ee2e79.png,1467,1110
65e6f1bd9875.png,2588,1958
65f5d2a6eb7e.png,1050,1050
65f69234c8a7.png,1050,1050
6630f8675a97.png,4288,2848
66366a90d1ef.png,2588,1958
66375b3c64db.png,3388,2588
66393d8c60ba.png,1050,1050
663a923d5398.png,2588,1958
66460ecab347.png,2048,1536
664b1f9a2087.png,3216,2136
6653ad026901.png,1050,1050
665ce639a331.png,2416,1736
6666c4f18396.png,3216,2136
668a319c2d23.png,1050,1050
668e853258cd.png,2588,1958
66a0bf258013.png,2416,1736
66b88a4bc474.png,2048,1536
66bae1ba227f.png,4288,2848
66bfec8d6bcd.png,1050,1050
66cd9c28e636.png,2416,1736
66d2ca47aa44.png,2588,1958
6733544ae7a6.png,2588,1958
6735931000ec.png,3216,2136
674057ab250c.png,2588,1958
675de69373f8.png,819,614
6762b2b48ea5.png,2416,1736
677f087cd697.png,2416,1736
67844c46bc61.png,3216,2136
67c03349bb31.png,1050,1050
67d8f94f04e0.png,2048,1536
67ed8cc78b97.png,819,614
67f5d89da548.png,2416,1736
6810410187a0.png,3216,2136
681c3c115684.png,2588,1958
682312e82ee3.png,2588,1958
683023cda6a5.png,819,614
68332fdcaa70.png,2416,1736
684dd88a0d49.png,819,614
6852f4531591.png,1050,1050
686ed1dbae20.png,2144,1424
687759336b0d.png,2588,1958
6889bc64ab09.png,2588,1958
68987fb159ab.png,1050,1050
68ddb15a74de.png,1050,1050
691eeb59b4cb.png,1050,1050
692e946b1f85.png,1050,1050
69591ebb198d.png,3216,2136
6966abf40b8c.png,1050,1050
697538183db5.png,2896,1944
6987804eb464.png,1844,1226
698d6e422a80.png,640,480
69b3a00927fc.png,1050,1050
69c4cbb630de.png,819,614
69df7ade0575.png,2416,1736
69f43381317b.png,2048,1536
69fff98cb32a.png,2416,1736
6a244e855d0e.png,3216,2136
6a2642131e4a.png,1050,1050
6a2c3f4ef329.png,2588,1958
6a57a3db3eff.png,1050,1050
6a905a7202d2.png,1050,1050
6a91eb157f47.png,3388,2588
6af071b0ac6e.png,2588,1958
6b00cb764237.png,2416,1736
6b07971c3bf6.png,819,614
6b128e648646.png,3216,2136
6b30767595d8.png,2048,1536
6b3860e8f64f.png,1050,1050
6b664ed2a938.png,2048,1536
6b66b0e86f7e.png,1050,1050
6b7cf869622a.png,2588,1958
6b869f37cdf3.png,2416,1736
6b91e99c9408.png,2048,1536
6ba5ed791444.png,3388,2588
6baafa56895c.png,2588,1958
6bb30ec3231a.png,1050,1050
6bcce181be65.png,2588,1958
6bf26b777e3a.png,2588,1958
6bf2a81a5d91.png,819,614
6c00dd8bf708.png,1050,1050
6c250a30593b.png,2416,1736
6c2555a9cae4.png,2416,1736
6c30dd481717.png,819,614
6c315ad3d07f.png,640,480
6c3589d7ed8d.png,1050,1050
6c3745a222da.png,1050,1050
6c4ec95dd8ba.png,2588,1958
6c6505a0c637.png,2048,1536
6c6efb6b1358.png,4288,2848
6c9c902a97de.png,1050,1050
6cb96a6fb029.png,2048,1536
6cb98da77e3e.png,1504,1000
6cbc3dad809c.png,3216,2136
6ccfdb031184.png,819,614
6cd606dc52e9.png,4288,2848
6cdd0f985270.png,4288,2848
6cee2e148520.png,2588,1958
6cfb7b44ef6f.png,1844,1226
6cffc6c6851a.png,819,614
6d0c0531083f.png,2416,1736
6d10709053ae.png,1050,1050
6d259b5b4c76.png,3388,2588
6d292ca4c9ad.png,2416,1736
6d3d1fe6c32a.png,2416,1736
6d454444f17c.png,2416,1736
6d4f6c9a8406.png,1050,1050
6d5a8362dd1e.png,2588,1958
6d6be4cfc73f.png,1050,1050
6d6fcf49e515.png,1050,1050
6d7d26025122.png,3388,2588
6d9effbcde78.png,2588,1958
6daef3e5ca22.png,1844,1226
6dc0281f11e3.png,1050,1050
6dc07f968794.png,1050,1050
6dcde47060f9.png,3216,2136
6de39b94f634.png,2048,1536
6df8b7b6e837.png,2588,1958
6dfd80748e72.png,2416,1736
6e018411ba4a.png,2588,1958
6e092b306fe1.png,2588,1958
6e092caa065f.png,1050,1050
6e0f78e188ff.png,2588,1958
6e1db8711879.png,2048,1536
6e3526053de0.png,819,614
6e44f6d04fc9.png,1050,1050
6e68e742f5bc.png,3216,2136
6e73acb2cf60.png,2416,1736
6e861bc3bd7b.png,819,614
6e92b1c5ac8e.png,2144,1424
6ea07d19b4ce.png,3216,2136
6efa36d59ada.png,2588,1958
6f0463c1ff18.png,3216,2136
6f0e5848d9ce.png,1050,1050
6f3b62e5b7f5.png,819,614
6f460f9968c7.png,1050,1050
6f4719c6bb4b.png,2588,1958
6f4e0538d1e4.png,2416,1736
6f689fced922.png,1050,1050
6f923b60934b.png,2416,1736
6fb656d506b2.png,3388,2588
6fbaaf8eb67a.png,819,614
6fe4751a3b42.png,1050,1050
6fe67482bfae.png,3216,2136
6fe67fd7f5d1.png,1050,1050
7005be54cab1.png,2416,1736
702de9dcde32.png,2416,1736
705f508d1e42.png,1050,1050
709784f7fcc2.png,1844,1226
70d0392397de.png,2588,1958
70d657f8f503.png,1050,1050
70ed3ec68b94.png,2416,1736
70f5caf5f305.png,1050,1050
7102f29e052e.png,3388,2588
710b05a96e0f.png,4288,2848
7116128c65ab.png,1844,1226
711d1480d2e3.png,2416,1736
7131bf4c9e6f.png,819,614
7179f85bfd6f.png,819,614
71a39c660432.png,3216,2136
71c1a3cdbe47.png,2416,1736
71c22da3d6c6.png,2048,1536
71e4130bf5c8.png,3216,2136
71e43b4f8ba6.png,1050,1050
71f6a6e4620a.png,2416,1736
720b5f62ce80.png,2048,1536
721214151233.png,1050,1050
7214fc7cbe03.png,2048,1536
7247a2c97f71.png,3216,2136
72595230840c.png,2588,1958
72606afaf3da.png,2048,1536
7269a1d84a57.png,2048,1536
726dff37edc0.png,819,614
7270367410a1.png,3216,2136
72a867980067.png,819,614
72c31aa48e2c.png,1050,1050
72d98188648f.png,3388,2588
731b19a460ad.png,2416,1736
7335a2d43ada.png,4288,2848
7347bd23ba80.png,1050,1050
7347f5133a6a.png,2416,1736
7350c50667c5.png,2416,1736
7356dd08b0ae.png,640,480
735836b1ffa6.png,2416,1736
737ef6226677.png,1050,1050
73881f55a3ec.png,2416,1736
73a07e2ea23e.png,819,614
73ba798fee25.png,1050,1050
73d40ce06a67.png,1050,1050
73e83a07a16d.png,2588,1958
73ef3c3dcbe4.png,2588,1958
74211a2b6dcf.png,2588,1958
7427dedafccf.png,4288,2848
7435e9a3e36e.png,2588,1958
74418f620068.png,3216,2136
7455e2b5fc57.png,3388,2588
74898f372d2b.png,2588,1958
74eee788edee.png,2416,1736
750e0168399d.png,2048,1536
75238d945315.png,1050,1050
7525ebb3434d.png,1504,1000
7526c59c36d3.png,1050,1050
7526cf435753.png,819,614
75369248dba0.png,1050,1050
753b14c27c83.png,2416,1736
7550966ef777.png,2144,1424
7569ac24762e.png,2048,1536
756b0d6488bb.png,2416,1736
757572337fd0.png,3216,2136
757e39293591.png,1050,1050
75a071608ea6.png,1050,1050
75a4343b12f9.png,2416,1736
75a7bc945b7d.png,2416,1736
75c180e04f65.png,1050,1050
75ed83dbccce.png,1050,1050
76095c338728.png,1050,1050
760b6f4c6d82.png,2416,1736
762d6e5d5068.png,2416,1736
7635921c5efb.png,2048,1536
763ad1236efe.png,1050,1050
76516f828d88.png,1050,1050
7663aba8d762.png,2416,1736
767d777ee889.png,2048,1536
76b950c6ed5e.png,2048,1536
76bc31e0d3be.png,2048,1536
76be29bb30b2.png,2416,1736
76c0c7e1b6cb.png,2416,1736
76cab26493f1.png,819,614
76cb010f7aa0.png,2048,1536
76cfe8967f7d.png,2896,1944
76df141d966b.png,2048,1536
76e589911303.png,2416,1736
76e5b50f95a7.png,1050,1050
76e6a9238570.png,3216,2136
76f3473df8a6.png,2048,1536
76fe19ff64fb.png,3216,2136
772af553b8b7.png,2896,1944
7743f4e04a6d.png,3216,2136
77543f66a84a.png,640,480
77a1f1398fdb.png,2588,1958
77a9538b8362.png,2416,1736
77ab222bf85c.png,819,614
77acc2cafee1.png,1050,1050
77b7b71ebcc3.png,1050,1050
77baa08a1345.png,2588,1958
77e15f213b04.png,2048,1536
77e7c7a160c8.png,1050,1050
77f69c7ff324.png,2588,1958
780be525036d.png,1050,1050
780f9c237c56.png,1050,1050
780f9daaa24b.png,1050,1050
7828dd083cdc.png,1050,1050
7831ce1d895e.png,1050,1050
784d6d302f98.png,1050,1050
785777558f05.png,2588,1958
7877be80901c.png,3216,2136
788ddb0b70b7.png,2588,1958
78937523f7a8.png,819,614
789434d095d1.png,3216,2136
789c60cba801.png,819,614
789f0ec1eab8.png,1050,1050
78a577c3e0bf.png,2588,1958
78b3f819dcc5.png,2588,1958
78bcdffb8785.png,1844,1226
78d53c82a23e.png,640,480
79059d0592c4.png,3216,2136
79540be95177.png,3216,2136
799214e8b07c.png,1050,1050
799cb4c816ae.png,2416,1736
79ade634c633.png,2048,1536
79be2ff796bf.png,3216,2136
79cbae28d8b2.png,1050,1050
79ce83c07588.png,2416,1736
79d44db3da2d.png,4288,2848
7a06ea127e02.png,1050,1050
7a0cff4c24b2.png,3216,2136
7a12f49e29df.png,2588,1958
7a238a1d3cf3.png,2416,1736
7a39c91416e2.png,1050,1050
7a3ea1779b13.png,2416,1736
7a42443ed106.png,1050,1050
7a46cfa69bae.png,1050,1050
7a6495a39d87.png,1476,1117
7a6e384a0846.png,2588,1958
7a77c3eb468c.png,1050,1050
7a9f45fdf29b.png,1050,1050
7aabd768abff.png,2588,1958
7ad0c4975890.png,2416,1736
7adfb8fc0621.png,1050,1050
7ae69d22075a.png,1050,1050
7af4d8704032.png,1050,1050
7b20210d9120.png,2416,1736
7b211d8bd249.png,3388,2588
7b29e3783919.png,2588,1958
7b49041cbf17.png,2588,1958
7b691d9ced34.png,2416,1736
7b87b0015282.png,1050,1050
7b8c78b41c0d.png,2588,1958
7b9d519cbd66.png,2588,1958
7ba6b23c4b46.png,819,614
7bc00e58d419.png,1050,1050
7bc2e0fa3f72.png,2588,1958
7bc4dd99eee5.png,4288,2848
7bda86d95c5b.png,3216,2136
7be1b9aa78aa.png,1050,1050
7bf981d9c7fe.png,2416,1736
7c2e852171c0.png,1050,1050
7c2f820a6425.png,2416,1736
7c3747c0b2c3.png,2048,1536
7c52fe73e748.png,1504,1000
7c629b491d1a.png,3216,2136
7c6594b50690.png,1050,1050
7c90ab025331.png,3216,2136
7cc4b7aabe04.png,2416,1736
7ccb267fd394.png,2416,1736
7ccf9d25dc48.png,1050,1050
7ce671f952be.png,1050,1050
7d0a871c45db.png,1050,1050
7d11dbc1e738.png,2048,1536
7d1b40fdbd86.png,1050,1050
7d1da90d3ca9.png,2588,1958
7d261f986bef.png,2144,1424
7d37a2939f12.png,3216,2136
7d3835e4e63a.png,3216,2136
7d48f8cdfb69.png,2048,1536
7d626a7ffe76.png,2416,1736
7d8f67cadc29.png,3216,2136
7d94a000c2d0.png,1050,1050
7da558d92100.png,819,614
7ddcfcea7369.png,2048,1536
7dee6bf8b9c1.png,2416,1736
7e0598cc88a0.png,2416,1736
7e160c8b611e.png,3216,2136
7e4019ac7f5a.png,3216,2136
7e5a76c4e103.png,2048,1536
7e6e90a93aa5.png,3216,2136
7e70344b0c25.png,2048,1536
7e77b61e1639.png,1050,1050
7e9081e95bf6.png,1050,1050
7e9458de5707.png,2416,1736
7e980424868e.png,1050,1050
7ea756985353.png,2416,1736
7ec0e61a7e29.png,1050,1050
7ec1ffe8220b.png,3216,2136
7ed4128b2a4e.png,1050,1050
7ee6de71c140.png,1050,1050
7eeb191ad06b.png,1050,1050
7eee3d1f1268.png,2588,1958
7ef5ff774a48.png,819,614
7efc91af4ae6.png,474,358
7f0ffeb0a333.png,2588,1958
7f1f3269f546.png,1050,1050
7f2123bc89a3.png,819,614
7f2cce721e19.png,1050,1050
7f39c36469b5.png,1050,1050
7f43becd3e83.png,819,614
7f60f2a083d3.png,2416,1736
7f6690fa390a.png,2048,1536
7f6ce40f306b.png,1504,1000
7f84284598f5.png,2588,1958
7fc3a8bb40de.png,1050,1050
7fdb177b8f7d.png,1050,1050
7fe7309d0b4f.png,1050,1050
8000a6b97a84.png,4288,2848
8010c931321f.png,1050,1050
803120c5d287.png,3388,2588
807135cbc438.png,2588,1958
80964d8e0863.png,1504,1000
80a02014b418.png,2896,1944
80b5697f2a5e.png,1050,1050
80b5a9519aec.png,2588,1958
80c67efc8101.png,1050,1050
80ca40196225.png,2588,1958
80d24897669f.png,2416,1736
80dbeb0fdc75.png,1050,1050
80e6e425f966.png,1050,1050
80e7cc0a0649.png,2588,1958
80ed04a84a16.png,2048,1536
80f6b30ece8c.png,2048,1536
80feb1f7ca5e.png,3216,2136
810d3779abd9.png,640,480
810ed108f5b7.png,2048,1536
8114d6a160df.png,4288,2848
812d5adafaf2.png,2416,1736
81371b0c01ad.png,819,614
81704925f759.png,2048,1536
8185ce1cdcef.png,1050,1050
81914ceb4e74.png,1050,1050
8191ae701985.png,2588,1958
81b0a2651c45.png,2144,1424
81bc03e2ff2b.png,3216,2136
81d79d53ed7b.png,2588,1958
8201cab8322d.png,640,480
82088c6734e6.png,1050,1050
821789e9053f.png,1050,1050
8241e43408a8.png,1050,1050
8273fdb4405e.png,2416,1736
82910bba4753.png,2588,1958
82ac8463fadd.png,1050,1050
82bb8a01935f.png,4288,2848
82d364726a58.png,2588,1958
82deb07a6618.png,3216,2136
82e5bc01f8a4.png,1050,1050
82f2784ead76.png,3216,2136
83038ca49b6d.png,1050,1050
830e297965a1.png,2048,1536
8329e80c10ac.png,1050,1050
8344c783da65.png,1050,1050
83517eaeccb9.png,1050,1050
835b9f6e12ba.png,1050,1050
837acf120946.png,819,614
838b3e4d0bb4.png,2588,1958
838c87c63422.png,2416,1736
83a63c4a3e4a.png,1050,1050
83b61051737f.png,3216,2136
83d6e40c869f.png,1844,1226
83d81ba5959c.png,2048,1536
83df53d58f28.png,1050,1050
83e529e95b0e.png,2416,1736
83fda7c0500b.png,2588,1958
840527bc6628.png,3216,2136
840a06a9c690.png,1050,1050
8421107255ae.png,3216,2136
842d697884f6.png,1050,1050
8433a032b96c.png,2048,1536
8446826853d0.png,3216,2136
8448af27ba07.png,1050,1050
847b04287c9c.png,1050,1050
848e66b9e199.png,2588,1958
849a91e9ab28.png,2416,1736
84a72e15b23c.png,2416,1736
84b472c49cfa.png,819,614
84b4da14bc23.png,1050,1050
84b79243e430.png,1050,1050
84b88e8d3bca.png,819,614
84c663f39632.png,3388,2588
84e8c62165b5.png,3216,2136
851e40a21f81.png,1050,1050
8543a801dce0.png,3388,2588
855f0a5442b6.png,3388,2588
8564b7aa3c1a.png,1050,1050
857002ed4e49.png,3216,2136
857230f64a2e.png,1844,1226
8596a24a14bd.png,2416,1736
85cbb84ac8e0.png,2416,1736
85cc6d636898.png,2416,1736
85f99e7e4052.png,2588,1958
85fce24084da.png,3216,2136
86410aa13b3e.png,1050,1050
8650d32f4a9e.png,819,614
8660e1864665.png,1050,1050
86722fcd802c.png,2416,1736
8676427e4625.png,2588,1958
8688f3d0fcaf.png,1050,1050
8693ab1fd2be.png,819,614
869bbd3170cc.png,3216,2136
86b3a7929bec.png,1504,1000
86baef833ae0.png,3216,2136
86d58f850a0c.png,819,614
86d6808f0609.png,2416,1736
86e7f98f73f1.png,3216,2136
86fbac86ed3e.png,2416,1736
870f433e8f37.png,1050,1050
870fbe6eaa68.png,1050,1050
8714d17bb6da.png,1844,1226
87295c5fa1cc.png,1050,1050
873dcc0b468f.png,2416,1736
873fe0404d6e.png,4288,2848
874f8c1929f6.png,1050,1050
875a2fc5fe23.png,2896,1944
875d2ffcbf47.png,1050,1050
876deb29f000.png,2048,1536
876e1dd12d38.png,3216,2136
87774aafe068.png,2416,1736
8785b71238d8.png,2588,1958
878a3a097436.png,3216,2136
878e356c8fc9.png,1050,1050
879744b9dc65.png,3216,2136
87a9f4d20f07.png,1050,1050
87b1938994b5.png,3216,2136
87b671c6d4c5.png,1050,1050
87d46b1cc4e9.png,2048,1536
880edb2cdb69.png,1050,1050
881ec6186e68.png,1050,1050
882a71de424e.png,2416,1736
883c6a184f16.png,1050,1050
883ddb650967.png,1050,1050
8846b09384a4.png,2588,1958
885fa5fc5da8.png,1050,1050
8860c7b11530.png,3216,2136
8871e6a26596.png,3216,2136
887c26fc0e1f.png,3216,2136
88e4399d207c.png,1050,1050
88e5051f65bd.png,2048,1536
8906c9ed54a2.png,2048,1536
891329021e12.png,1050,1050
891392c9683c.png,2588,1958
894a37fc3738.png,2048,1536
8958a4d17b7e.png,2416,1736
895fe2bfc5b6.png,2048,1536
896ad584a841.png,1050,1050
898f0bc8acfa.png,2048,1536
89b044cbaf85.png,2416,1736
89b725411cee.png,2416,1736
89d2a7403a06.png,2588,1958
89d9c071a56f.png,2416,1736
89ed6a0dd53f.png,2416,1736
89ee1fa16f90.png,2416,1736
89fc080f7e83.png,3216,2136
8a01daa423f7.png,2416,1736
8a234d68b27e.png,2588,1958
8a25a080f28f.png,1844,1226
8a3eb86ae4bd.png,2048,1536
8a482c024fc2.png,1050,1050
8a67f1efa315.png,2416,1736
8a759f94613a.png,1504,1000
8a7765e785fb.png,2048,1536
8a81f62320d6.png,1050,1050
8a87dd2a784e.png,819,614
8a8a251770cd.png,1050,1050
8a9bef2fbd4e.png,2416,1736
8aa3c4681542.png,1050,1050
8aab201c0691.png,1844,1226
8ab3faa3701f.png,2048,1536
8ab8d9b3ce3f.png,3216,2136
8ac0c44bbf24.png,2416,1736
8acdf12f412a.png,1050,1050
8acffaf1f4b9.png,1504,1000
8ae049175db6.png,2588,1958
8af50c9d0a86.png,1476,1117
8af6a4e5396f.png,2416,1736
8b079e79035f.png,1050,1050
8b26d3cd61e8.png,2144,1424
8b568d47a1fd.png,1050,1050
8b58f9a338e8.png,819,614
8b76c3c5cb3e.png,2588,1958
8b8fe3fc8950.png,819,614
8bad12d70368.png,2588,1958
8bbd7835e9aa.png,2416,1736
8bc6716c2238.png,2588,1958
8bdb891661a8.png,2588,1958
8be6629a6039.png,2588,1958
8bed09514c3b.png,2416,1736
8bf05909e1e1.png,1050,1050
8bf2d925dc0c.png,1050,1050
8c0d05233238.png,2588,1958
8c29a76fa08c.png,1050,1050
8c2f0f04e1ed.png,2416,1736
8c4ceddeb1c6.png,2048,1536
8c7c26c52a6c.png,2416,1736
8c84e96d9b01.png,819,614
8c87bd748996.png,3216,2136
8cb6b0efaaac.png,2416,1736
8cb6b5b2f19c.png,3216,2136
8ceff4c4c860.png,1050,1050
8d13c46e7d75.png,1050,1050
8d3d67661620.png,2416,1736
8d4d14a4ab07.png,1050,1050
8d4ff745a409.png,1050,1050
8d62ba9cb22a.png,2588,1958
8d7bb0649a02.png,2144,1424
8d8aca52c07b.png,2588,1958
8d9516ea3587.png,1050,1050
8dafa62f9322.png,1050,1050
8db2ce991101.png,2588,1958
8dba09a4e5ed.png,3388,2588
8dc22e65c06f.png,2588,1958
8dfa629ca74e.png,1050,1050
8dfff47b06b7.png,3216,2136
8e20b8fac7c3.png,3216,2136
8e2a3978c244.png,1050,1050
8e3b79e1f1f7.png,2588,1958
8e4a354e3da2.png,2048,1536
8e63fc4ab532.png,3216,2136
8e67f2d7e0ee.png,1050,1050
8e6df9eedcd8.png,2588,1958
8e76054f0831.png,1050,1050
8e7981855125.png,2588,1958
8ead17dfb6a6.png,2048,1536
8ead8f37423c.png,1050,1050
8eb3337a54e9.png,3216,2136
8ed586c43023.png,1050,1050
8ee50c26fc13.png,819,614
8eeac97f02f0.png,4288,2848
8ef2eb8c51c4.png,3216,2136
8f06ca4642bd.png,819,614
8f10e41a2f02.png,1050,1050
8f14bca04b47.png,2048,1536
8f1e7433a95d.png,3388,2588
8f2996b8d855.png,2416,1736
8f318a978844.png,1844,1226
8f9819752ca0.png,1050,1050
8fbb2ca39911.png,1050,1050
8fc09fecd22f.png,2416,1736
8fd7ad26e691.png,3216,2136
8ff2733f6aef.png,3388,2588
8ff863f8874f.png,2588,1958
8ffa608170d3.png,819,614
901a3552fe26.png,1050,1050
902dc5a91a3f.png,1050,1050
9033f1493da1.png,3216,2136
9039cbfcbb2f.png,819,614
9041eb43456e.png,3216,2136
904b03ad5594.png,2588,1958
905cc86bf100.png,3216,2136
906d02fb822d.png,2416,1736
907aaff827e5.png,3216,2136
9095d43fb132.png,2588,1958
90960ddf4d14.png,2048,1536
90a786abe58e.png,1050,1050
90a9a41eec6d.png,819,614
90b8bf342032.png,2416,1736
90bde2ff8953.png,1050,1050
90c982cc2d96.png,2416,1736
910bfd38e2f5.png,3216,2136
9122b31414d3.png,1050,1050
912fbe06407e.png,1050,1050
913490237ad4.png,2588,1958
913b1890ed1e.png,3216,2136
916915f01e17.png,1050,1050
916ec976ff30.png,2416,1736
917f76f360b6.png,2588,1958
91a88d3b0358.png,2416,1736
91b6ebaa3678.png,3216,2136
91b7a4179ecf.png,819,614
91cbe1c775ef.png,2144,1424
91cf56d3d1af.png,2416,1736
91e2c2890c9f.png,2588,1958
91e82fe4e434.png,1050,1050
91e8af9ceee9.png,3216,2136
91f3c4c1e72b.png,2588,1958
921433215353.png,3216,2136
922586d86cd8.png,1050,1050
9232dc06cfdc.png,1050,1050
92587e494d51.png,2048,1536
9274e75dc4d5.png,1050,1050
9287e57326d0.png,2048,1536
92889b863ae6.png,2588,1958
929cd3867815.png,2588,1958
92b0d27fc0ec.png,3216,2136
92d8a7c8e718.png,2588,1958
92d9e9f08709.png,2896,1944
92e3d608fd3c.png,1050,1050
92f313287a29.png,2416,1736
92fcf50b3562.png,2048,1536
930fee99213a.png,1050,1050
932181b93b2f.png,2416,1736
934104859e68.png,1050,1050
93421787f520.png,1050,1050
936299166bea.png,819,614
937bc1b924b1.png,1050,1050
93802d1e3c41.png,1050,1050
93a1b984de84.png,1050,1050
93be637084a2.png,2416,1736
93d6d20a5ee3.png,1050,1050
94076a9fb9b5.png,1050,1050
94111ed3d276.png,1844,1226
94145d1f42cf.png,2048,1536
941d874c8afb.png,1050,1050
942f544c4e15.png,1050,1050
94372043d55b.png,2416,1736
944a233fbf8e.png,2416,1736
946545473380.png,1050,1050
949710bead24.png,1050,1050
94a67ec0714f.png,2416,1736
94b1d8ad35ec.png,1504,1000
94b9ccc73bb9.png,819,614
94dcb491143f.png,3388,2588
94ef1d14597f.png,3388,2588
94f9ecf4b8d2.png,819,614
9519a590985d.png,1050,1050
956765d5f46d.png,819,614
9568eb7e9c08.png,2588,1958
958c1fa044ba.png,1050,1050
959bb2d01091.png,819,614
959dc602febc.png,3216,2136
95a4cc805c7b.png,2588,1958
95e732e043a1.png,1504,1000
962c0fc85e13.png,2048,1536
962cf85e4f6d.png,2416,1736
966c07831334.png,1050,1050
96793edb1003.png,819,614
9688c6ef5dc5.png,1050,1050
969f92a390db.png,1050,1050
96a9706b8534.png,3388,2588
96b5474ae604.png,1050,1050
96c3e3db68bc.png,3388,2588
96c699221180.png,1050,1050
96ce10a1dbd7.png,1050,1050
96d48b073f18.png,1844,1226
96ea316ed0ab.png,819,614
971bb98ab935.png,819,614
973b0facfa9b.png,1050,1050
974c7d7b9c64.png,1050,1050
975252e325e3.png,3388,2588
976082127e2a.png,1050,1050
977e1ca77653.png,2416,1736
9782c0489eca.png,2416,1736
9785805af1b8.png,640,480
97a235367f9d.png,819,614
97a5ad7548b7.png,3388,2588
97bf61736b86.png,3216,2136
97c6cb55866d.png,2588,1958
97d02a9b94f7.png,1050,1050
97da093947e8.png,3216,2136
97f290d31813.png,2588,1958
97fdee242fea.png,819,614
98104c8c67eb.png,2416,1736
98277aeb96a7.png,2048,1536
9837048b85dc.png,1504,1000
983c98354e9c.png,1050,1050
98441214557f.png,1050,1050
9858cc2ae073.png,2048,1536
9859e2a6cc24.png,1050,1050
9870ce41cac4.png,2048,1536
9878db94d9f3.png,2896,1944
98d41bce73a8.png,2048,1536
98e44127872f.png,1050,1050
98e8adcf085c.png,3216,2136
98f48850ebce.png,3388,2588
98f7136d2e7a.png,1504,1000
98fbe56dcc2c.png,2416,1736
9904939ab83d.png,3388,2588
9910c827e2fe.png,1050,1050
99132193eaa0.png,2416,1736
991a0b7a8c87.png,819,614
99240ee00485.png,1050,1050
992599744a23.png,2588,1958
992b9a07b25f.png,2588,1958
996f57c86ba5.png,2144,1424
996f9bba4ef0.png,1050,1050
9985375d709f.png,1050,1050
999115d9386b.png,3216,2136
999ad827ed35.png,1050,1050
99c626e58464.png,2048,1536
99c6a123ed6a.png,1050,1050
99e8bf998285.png,3216,2136
99ecdb41d5e7.png,3388,2588
9a1029536d78.png,1050,1050
9a159d4674cd.png,819,614
9a28d4e8aef0.png,3216,2136
9a3109657ac1.png,2416,1736
9a326446c431.png,2588,1958
9a3c03a5ad0f.png,3216,2136
9a496b1e20f9.png,2588,1958
9a4f370d341b.png,2416,1736
9a56cfb980ec.png,2048,1536
9a78c6a7b1c2.png,2416,1736
9a7bd084395e.png,2588,1958
9a94e0316ee3.png,2416,1736
9a9b21215c55.png,2588,1958
9ab18a4a957f.png,2048,1536
9ac2e3e9fca5.png,1050,1050
9ac41b9a809e.png,1050,1050
9ad92f1c1542.png,2416,1736
9ae54843c69a.png,2588,1958
9b093fe95d6b.png,2896,1944
9b0eb9f41da4.png,2588,1958
9b32e8ef0ca0.png,2416,1736
9b418ce42c13.png,1504,1000
9b4fc15df3c8.png,819,614
9b57e43b44e7.png,2588,1958
9b70f84400af.png,819,614
9b7b6e4db1d5.png,1504,1000
9b95d6203406.png,640,480
9ba469af2980.png,2588,1958
9bafbbd152d2.png,2588,1958
9bbb6c455913.png,1050,1050
9bd008aab548.png,1050,1050
9be0683649ff.png,2048,1536
9be71d6d7e59.png,1050,1050
9bf060db8376.png,2416,1736
9c088d2d1559.png,2588,1958
9c14ce27cbfc.png,2048,1536
9c514d2d5b3f.png,1050,1050
9c52b87d01f1.png,2144,1424
9c5dd3612f0c.png,1504,1000
9c6512166557.png,819,614
9c72ed6befa0.png,2588,1958
9c893e16c055.png,1050,1050
9cc6b1f9bcbd.png,2588,1958
9ce46d400cd6.png,1050,1050
9cedf5c7016b.png,2588,1958
9cf7c1349673.png,1050,1050
9d1feed37610.png,1050,1050
9d62478042b6.png,2588,1958
9d74428188bb.png,3388,2588
9d75de31f1b8.png,1050,1050
9d98a0b585f2.png,1050,1050
9d9bfefa809c.png,3216,2136
9da74370835a.png,2416,1736
9dab2e6ba44b.png,2588,1958
9de9421f17e3.png,1050,1050
9df31421cdd2.png,2588,1958
9e2058917304.png,1050,1050
9e2a8135f471.png,1050,1050
9e2ba2b979f1.png,2048,1536
9e3510963315.png,1504,1000
9e5737f771c3.png,2048,1536
9e5ec293267c.png,3388,2588
9e7a63b2fc6a.png,2588,1958
9e99ae6ee7af.png,2048,1536
9eaac43744f5.png,3216,2136
9eaf735cf01f.png,2416,1736
9ed666e982cd.png,2416,1736
9ed6c2b25767.png,819,614
9f1b14dfa14c.png,819,614
9f1efb799b7b.png,1504,1000
9f285b3e57ed.png,1050,1050
9f37c98b8187.png,2588,1958
9f4132bd6ed6.png,1504,1000
9f436886e056.png,1050,1050
9f5a8665cf2e.png,2416,1736
9f8112c710be.png,1050,1050
9f935fb38440.png,819,614
9fa02dfb5553.png,1050,1050
9faad91b6578.png,2416,1736
9fab29e69a6b.png,1844,1226
9fefe2b44795.png,3388,2588
a00b4cb250a7.png,2416,1736
a01024054596.png,2416,1736
a015ce4f51ad.png,3216,2136
a01c590c444f.png,2416,1736
a0267206d51e.png,2416,1736
a02dfd67a925.png,819,614
a0445785e2f7.png,2048,1536
a04fb36db784.png,2416,1736
a06a63d866b2.png,1050,1050
a06b353e7bed.png,2048,1536
a06e41bd2634.png,2416,1736
a06e5ac695ce.png,2048,1536
a07d571bf7ba.png,819,614
a07d9a5045cb.png,1050,1050
a07efb1ecfc0.png,2048,1536
a08a0133754a.png,1050,1050
a0a0cd8af5a6.png,1844,1226
a0adbe677508.png,1050,1050
a0b7ad98df57.png,1050,1050
a0cd7bffdaa0.png,1050,1050
a0d04a19cf40.png,3216,2136
a0e635689259.png,819,614
a0fd94e2ad76.png,1050,1050
a11bf2edd470.png,2588,1958
a11c62cb3f86.png,2588,1958
a125377fb985.png,3216,2136
a12ca80bb8c7.png,2048,1536
a14bbd9a583e.png,2416,1736
a14fcf84bfe1.png,3216,2136
a150ff5dfe07.png,3388,2588
a15470303941.png,2416,1736
a15590a7d774.png,3388,2588
a15652b22ab8.png,2416,1736
a1822dd8d05d.png,1050,1050
a182b5b191de.png,3216,2136
a1872f9c0cba.png,2048,1536
a188c60b93fb.png,2588,1958
a19507501b40.png,3216,2136
a19ecd0a706e.png,2416,1736
a1b12fdce6c3.png,3216,2136
a1b28bcbce00.png,819,614
a1e236fbc863.png,819,614
a1eb88562239.png,1050,1050
a1edf0e66592.png,1050,1050
a1faeb4d5f10.png,1050,1050
a2163f0c2af5.png,1050,1050
a21b37719f9b.png,2416,1736
a247961a5cd9.png,1050,1050
a2696f444ecb.png,2416,1736
a26f50218b84.png,819,614
a2811f512c1c.png,1050,1050
a28bfb772f50.png,1844,1226
a2ad3da4c7d6.png,2416,1736
a2b97d98f130.png,2588,1958
a2b995b81692.png,1050,1050
a2d349f567a6.png,1050,1050
a2ddabee14e9.png,2416,1736
a2dff8dbc9f8.png,2048,1536
a30a143a53a3.png,1050,1050
a3132c8828e4.png,2048,1536
a32886cb31ab.png,2416,1736
a32b5ce3d48a.png,2416,1736
a3475dc3ac80.png,2416,1736
a34fc5376669.png,1050,1050
a3706ce27869.png,1050,1050
a3802934bad7.png,640,480
a384e688e228.png,1050,1050
a386ec9aabde.png,2416,1736
a3957df90a78.png,3216,2136
a3ad6c2db6f1.png,2416,1736
a3b2e93d058b.png,2144,1424
a3bd2e034614.png,2588,1958
a3d2a0c4cd17.png,2416,1736
a3fcf42ff56d.png,3388,2588
a4012932e18d.png,2416,1736
a419fcb2dfb5.png,819,614
a4359815f152.png,2588,1958
a44345b27804.png,1050,1050
a443c4fd489c.png,1050,1050
a45c30da0c72.png,819,614
a45d77edf8d9.png,3388,2588
a47432cd41e7.png,2416,1736
a476fd984005.png,3388,2588
a47878630dc2.png,2588,1958
a484bdf85b4c.png,1050,1050
a49b0b4484ea.png,2588,1958
a4b8de38eac1.png,2896,1944
a4d41c495666.png,2588,1958
a4d4b69f7404.png,2416,1736
a4ee03ecff60.png,1050,1050
a505981d1cab.png,2144,1424
a528be013a04.png,1050,1050
a53d6d2472a6.png,1050,1050
a56230242a95.png,1504,1000
a56729de89e9.png,1050,1050
a5a2a7003d60.png,2416,1736
a5bb85afc6e8.png,1050,1050
a5c9a8c726b2.png,1050,1050
a61723fc38c2.png,1050,1050
a627eb8c08c5.png,819,614
a62e995f167c.png,2048,1536
a62ea0043aa7.png,2416,1736
a6356a3c5d11.png,2588,1958
a64273801bde.png,2588,1958
a646c084928c.png,1050,1050
a654b25124c3.png,1050,1050
a664d2055886.png,2416,1736
a66c3165876f.png,2416,1736
a673193cd5a9.png,1050,1050
a6731dd737af.png,1050,1050
a688f20f8895.png,3216,2136
a6b6d27c1b32.png,2048,1536
a6c9e96a10d7.png,640,480
a6d45de20e4d.png,3216,2136
a70d0f12a641.png,1050,1050
a721efb1e049.png,3216,2136
a73c3d516c59.png,819,614
a73d012c4c38.png,1050,1050
a75bab2463d4.png,2416,1736
a76132e79688.png,1050,1050
a763661f98a5.png,3216,2136
a7673ac44509.png,2588,1958
a76b69e443ce.png,2588,1958
a77dbec966d4.png,2588,1958
a77eb914b383.png,819,614
a790a3b36390.png,2416,1736
a7b03e58a6e1.png,1050,1050
a7b0d0c51731.png,1504,1000
a7b7dc8788b9.png,3216,2136
a7c10ca6c117.png,1050,1050
a7ec056502e7.png,4288,2848
a804cef3e51f.png,3216,2136
a80dab8eddf4.png,2416,1736
a81b06f50612.png,4288,2848
a821b6ecef33.png,819,614
a8263d248523.png,2588,1958
a82a12ad3fb1.png,819,614
a8582e346df0.png,2416,1736
a85cda5f725d.png,1050,1050
a86128b601a7.png,1050,1050
a8652b2de23f.png,2416,1736
a86c6283fd78.png,2416,1736
a879c3569552.png,3216,2136
a87f53bc984a.png,3216,2136
a88365134c3c.png,1050,1050
a8854768549f.png,2048,1536
a88f68b0b114.png,3388,2588
a8a6588c8eb7.png,2048,1536
a8aed92940fb.png,819,614
a8b3c0961d42.png,819,614
a8b637abd96b.png,2416,1736
a8c54e2a4b79.png,3216,2136
a8c950a99107.png,2416,1736
a8c9fcdbc0be.png,2588,1958
a8dea22ef903.png,1050,1050
a8e08e7fe016.png,2416,1736
a8e88d4891c4.png,1504,1000
a8eb35b3bcd2.png,2416,1736
a93f1ea3ff4a.png,3216,2136
a94da3d3b5c0.png,2048,1536
a95858e052d6.png,3216,2136
a95d9d61ddd4.png,1050,1050
a963ac561580.png,1050,1050
a96ff96bbae5.png,1050,1050
a987aa7aac37.png,1050,1050
a9a28c37c8c4.png,3216,2136
a9a3225cf4b5.png,1050,1050
a9b3177f01c0.png,819,614
a9bc2f892cb3.png,819,614
a9c7b83caf81.png,2588,1958
a9d0c900b6a9.png,2588,1958
a9dc80cba9a4.png,2588,1958
a9e3d186cd1b.png,819,614
a9e984b57556.png,1504,1000
aa0afc41ed19.png,2416,1736
aa10a4b2e709.png,1050,1050
aa31bc6b8f4d.png,3216,2136
aa4407aab872.png,1050,1050
aa5ce75edcf5.png,2416,1736
aa60813e1a8d.png,2588,1958
aa6242f9e08c.png,2048,1536
aa6673241154.png,2416,1736
aa841de1ee82.png,2588,1958
aa8a1e814811.png,1050,1050
aa94cc4bfd84.png,1050,1050
aa9b8f05f4bf.png,2416,1736
aa9cfe639ef1.png,3388,2588
aaaadb174012.png,1050,1050
aabd867043cf.png,1050,1050
aad0c0ee9268.png,1050,1050
aae8f9f3ef8c.png,3216,2136
aafb0c944f14.png,1050,1050
aafe980edd0c.png,1050,1050
ab03d50bba2f.png,2048,1536
ab1c20a94f3f.png,1050,1050
ab32db41c409.png,2588,1958
ab3c505b624f.png,819,614
ab50123abadb.png,1504,1000
ab653b8554c0.png,1050,1050
ab686895533e.png,1050,1050
ab724603ee93.png,2048,1536
ab78a66dee6a.png,1050,1050
ab7991df166b.png,819,614
ab88081e5654.png,2048,1536
aba3063c5413.png,2416,1736
ababe19ed448.png,2588,1958
abbb8791785e.png,1050,1050
abdb365cacbc.png,2416,1736
abe940882578.png,1050,1050
abf09c44d5f4.png,3216,2136
abf0f56c6f12.png,3216,2136
ac0a48ccbf70.png,819,614
ac1667fac512.png,1050,1050
ac17cc18a994.png,1050,1050
ac2c814949f9.png,3216,2136
ac5b5dddf91b.png,2416,1736
ac720570dd0f.png,2588,1958
ac81fc200162.png,2588,1958
aca88f566228.png,3216,2136
acc9f29538c4.png,3216,2136
ace2281f00c4.png,2048,1536
ace287a5c991.png,819,614
acf976efd7ce.png,1050,1050
ad029ba7fa8b.png,819,614
ad12cde115ab.png,2048,1536
ad1aa75d5630.png,2048,1536
ad1f7445b1a8.png,2416,1736
ad20080452de.png,1050,1050
ad2f0b9d059c.png,640,480
ad312ca98202.png,1050,1050
ad3fc5076852.png,2416,1736
ad570b850a4f.png,2588,1958
ad6b07d5c338.png,2048,1536
ad93d88c87ea.png,1050,1050
ad944bd56bb6.png,2048,1536
adb56cecafaf.png,2416,1736
add1d681d712.png,640,480
addf66a50f42.png,1050,1050
ae1344610ebe.png,1844,1226
ae20112e7a1e.png,819,614
ae2c3f6312ef.png,1050,1050
ae2e888905ba.png,2048,1536
ae49cc60f251.png,1050,1050
ae57c8630249.png,1050,1050
ae58ccb5905e.png,1050,1050
ae5d31979f19.png,2416,1736
ae61e19fb766.png,2048,1536
ae8424cdb029.png,2588,1958
ae8472f8d310.png,2416,1736
ae94ce412de9.png,2588,1958
ae975c43bd8b.png,1050,1050
aea59ebec445.png,3216,2136
aeab0a63bcaf.png,2048,1536
aeb6f4fd2eed.png,2048,1536
aebe87a423c8.png,819,614
aec51513cf45.png,819,614
aeccef0bdc26.png,1050,1050
aed4e743c230.png,2416,1736
aeed1f251ceb.png,3216,2136
aef9016557ca.png,640,480
af133a85ea0c.png,2416,1736
af345c68e836.png,1050,1050
af3b0115aad1.png,2416,1736
af5a0bc4e1fa.png,819,614
af6166d57f13.png,2048,1536
af6a1508cd95.png,2588,1958
af7a36454670.png,1050,1050
af828dab3ffc.png,3216,2136
af831c158744.png,3216,2136
af87d48ffe01.png,2048,1536
af8aa32beee4.png,2416,1736
afc345cc9145.png,2588,1958
afc744fad65e.png,1050,1050
b019a49787c1.png,2896,1944
b033ab4fb723.png,1844,1226
b05922e7abd3.png,1050,1050
b0619ca93a5f.png,1050,1050
b06dabab4f09.png,1504,1000
b07bc463b718.png,2588,1958
b085caa513a8.png,819,614
b086c7cd3868.png,1050,1050
b09101adb478.png,1050,1050
b0acd3593310.png,2588,1958
b0b3b16fc305.png,1050,1050
b0c9a492e068.png,2588,1958
b0cc9f8d06e4.png,3388,2588
b0d35981708b.png,3216,2136
b0d6417bad3e.png,2416,1736
b0eeae01b8ab.png,640,480
b0f0fa677d5f.png,1050,1050
b0f8613305a3.png,2416,1736
b10fca20c885.png,1050,1050
b1197f2cc9b3.png,2416,1736
b11dcdcbc8c8.png,2588,1958
b13d72ceea26.png,1504,1000
b16dd4483ca5.png,2048,1536
b17f0b81dab3.png,2416,1736
b187b3c93afb.png,1504,1000
b191ba0a2b12.png,2588,1958
b1b3e7d0a5f3.png,2416,1736
b1c6f0997e27.png,1050,1050
b1f4122fd36a.png,2416,1736
b200c23b299b.png,1050,1050
b21abe5d9722.png,819,614
b22354b5f94b.png,2416,1736
b22cc1bf0b8a.png,1050,1050
b2748ac28fc1.png,4288,2848
b294927b14b0.png,1050,1050
b2aaa81cc8f0.png,1504,1000
b2b79b37d314.png,1050,1050
b2b7ccd34cbd.png,1050,1050
b2ffa3e18559.png,2416,1736
b310bd564329.png,2416,1736
b351ae99413a.png,1050,1050
b35cad8fe2d7.png,2588,1958
b376def52ccc.png,1504,1000
b37aae3c8fe1.png,2416,1736
b3819a805dca.png,2588,1958
b3a994760537.png,1050,1050
b3c0c3330278.png,3216,2136
b3d12069e1c5.png,2588,1958
b3d135bd3bb5.png,2416,1736
b3f31c371e59.png,1050,1050
b402b18d99a5.png,2416,1736
b402daa0864c.png,3216,2136
b43440c6ebe4.png,2588,1958
b460ca9fa26f.png,1050,1050
b468ebf5cb11.png,3216,2136
b46b09a45f39.png,1050,1050
b498b84d383f.png,3388,2588
b49b2fac2514.png,3388,2588
b4b04d81acbb.png,1050,1050
b4e15102cd7a.png,2588,1958
b4f41b5bf0ef.png,2416,1736
b50b30aa6e6c.png,3216,2136
b5204c0decc7.png,1050,1050
b532dedd928c.png,2048,1536
b549af91bd30.png,1050,1050
b553e7909535.png,1050,1050
b55d2ddb3e75.png,3216,2136
b56340f472d2.png,2416,1736
b574d229ec4c.png,3216,2136
b576c5269ad1.png,2416,1736
b5834ee64541.png,2416,1736
b598bc9753c2.png,1050,1050
b5a3ca5c0a80.png,1050,1050
b5b913358b32.png,1050,1050
b5bf7b84fc66.png,1050,1050
b5c80d0ed0ff.png,1050,1050
b5e6ae31493c.png,1050,1050
b60dbf9f0744.png,2416,1736
b6304c545f95.png,2588,1958
b640e3bdff75.png,2416,1736
b64e1eef3d63.png,2048,1536
b65ff67743b2.png,3216,2136
b665041e1633.png,2588,1958
b66f23ffa730.png,1050,1050
b67ae80f7eba.png,819,614
b69c224edd6e.png,2588,1958
b6a0e348a01e.png,2588,1958
b6bf847fbcb2.png,1050,1050
b6bfe9db60e5.png,2416,1736
b6d9974443ce.png,2048,1536
b6fd109b1bc9.png,2588,1958
b70cb31b9abb.png,3216,2136
b70e7c26f51e.png,1050,1050
b71428739d4e.png,1050,1050
b7278b4f2448.png,4288,2848
b72a86d61959.png,1050,1050
b72f59b85f7c.png,2048,1536
b73d0bcd3d33.png,819,614
b746a6681ba9.png,3216,2136
b74de20d73de.png,2048,1536
b759cbef90c5.png,1050,1050
b762c29cf2f3.png,2416,1736
b77b88926843.png,1050,1050
b77b8a1f09f1.png,2416,1736
b7983cb3f270.png,1050,1050
b7a1bb106051.png,1050,1050
b7aca95b97b9.png,819,614
b7bd4a6627b6.png,1050,1050
b7ce561a7328.png,1050,1050
b7e0f95353f2.png,3216,2136
b7f0bc7d399e.png,2588,1958
b8297a2291f5.png,1050,1050
b82d5f1f1145.png,1844,1226
b82dfa63a75f.png,2048,1536
b835b6e31a59.png,1050,1050
b83a6eca125f.png,3216,2136
b842b43cb7fb.png,2048,1536
b86fb2d5be1a.png,2588,1958
b87f9c59748b.png,2588,1958
b89938407ee6.png,2588,1958
b8ac328009e0.png,1504,1000
b8dab47a260e.png,1050,1050
b8e20c076b03.png,2588,1958
b8e9a8f4617d.png,1050,1050
b8ebedd382de.png,2416,1736
b8f1b30877db.png,2416,1736
b8fb9f55cd6d.png,3216,2136
b90bc89ce8d8.png,3388,2588
b9127e38d9b9.png,1504,1000
b91ef82e723a.png,3216,2136
b927a9238434.png,3216,2136
b92eacd1392a.png,1050,1050
b94c58d063bf.png,2588,1958
b9519abce0c1.png,819,614
b95d4dd8e5e2.png,3216,2136
b960142a8de7.png,2896,1944
b963a11638f2.png,819,614
b96b518596b3.png,4288,2848
b98f77098b9d.png,2588,1958
b99794a0beed.png,3216,2136
b99afe7137fb.png,2588,1958
b99c825b93c5.png,3216,2136
b9b6ee2b9453.png,1467,1110
b9b99dad668d.png,2416,1736
b9bc81fcb075.png,1050,1050
b9c7c5182075.png,1050,1050
b9d0b83d70c3.png,819,614
b9fe7da14a32.png,819,614
ba0107fb1bfd.png,1050,1050
ba08cee68c71.png,2416,1736
ba25f947f4ec.png,3216,2136
ba2624883599.png,3216,2136
ba2ea9182090.png,1050,1050
ba4d2c4b3039.png,3388,2588
ba4e62c11cc0.png,1050,1050
ba735b286d62.png,2416,1736
baaca2f7e1f0.png,1050,1050
bab776139279.png,2048,1536
bac1744955c2.png,1050,1050
bacfa2b8e706.png,1050,1050
bacfb1029f6b.png,2416,1736
badb5ff8d3c7.png,2416,1736
bb08949dd70a.png,819,614
bb11db08584a.png,2416,1736
bb2f89488ecd.png,1050,1050
bb45257258cc.png,2416,1736
bb5083fae98f.png,2416,1736
bb733062f494.png,3216,2136
bb752b179751.png,1050,1050
bb783d8e496f.png,2416,1736
bb7e0a2544cd.png,1504,1000
bb85097857fa.png,2048,1536
bb9a3d835a94.png,2416,1736
bba38f2294a3.png,2416,1736
bc23f74e14dd.png,2588,1958
bc34ed91c9bc.png,3388,2588
bc34f52c37c7.png,2048,1536
bc73ce76ec43.png,1050,1050
bc7bf19b84e3.png,1050,1050
bc8c6a778cde.png,819,614
bc92a61a1f9c.png,1050,1050
bca2bdc15fc5.png,2588,1958
bcb0498ed2c1.png,2588,1958
bcc762618e7d.png,1844,1226
bcd503c726ba.png,2416,1736
bcdc8db5423b.png,3216,2136
bd06028eb7dd.png,1050,1050
bd269a1f0e4d.png,2416,1736
bd34a0639575.png,1050,1050
bd375ba756b1.png,2048,1536
bd500a73beae.png,1050,1050
bd5013540a13.png,1504,1000
bd9904495ccd.png,3216,2136
bda7ff3b1562.png,3388,2588
bda8c973b09d.png,3216,2136
bda91b76095b.png,1476,1117
bdb98063fe84.png,2588,1958
bdc6c60e9133.png,2048,1536
bde1063a5dd7.png,2588,1958
bdf47b9f10c4.png,1050,1050
bdff5d8bddf8.png,3216,2136
be161517d3ac.png,1504,1000
be197b663520.png,1050,1050
be21d8b60e2a.png,1050,1050
be3a7d9e981e.png,2048,1536
be521870a0ea.png,819,614
be68322c7223.png,3216,2136
be6cbf6e5b10.png,2048,1536
be7bc89f5fec.png,640,480
be7f791a7877.png,2048,1536
be8697eb2078.png,1050,1050
beb00fa6e7c9.png,2588,1958
beb2ad14fd2d.png,2588,1958
bebb3f167654.png,2416,1736
bebfbd907cac.png,1050,1050
bec0acd539b2.png,3216,2136
bed8296c8dfe.png,2048,1536
beeca5f14618.png,819,614
bf18ff30a8f6.png,2416,1736
bf1b7e21e774.png,1844,1226
bf6cbccacf39.png,819,614
bf7047dc683c.png,2416,1736
bf7221a016b5.png,2588,1958
bf7b4eae7ad0.png,1050,1050
bf8092e4001d.png,2896,1944
bf811911acf9.png,1050,1050
bf87aedf2489.png,1050,1050
bf9cba745efc.png,1050,1050
bfa30ebf63a8.png,1050,1050
bfaa0080ab61.png,2416,1736
bfb578c0e8d8.png,2588,1958
bfd5c0e55420.png,3216,2136
bfda2fd0533a.png,2416,1736
bfdee9be1f1d.png,2588,1958
bfe467b7e997.png,3216,2136
bfefa7344e7d.png,1050,1050
bff51afc76d4.png,2588,1958
bffca6eeb2bf.png,1050,1050
c013e869acce.png,2048,1536
c01eae4b4939.png,4288,2848
c0202976c670.png,3388,2588
c027e5482e8c.png,2416,1736
c05b7b4c22fe.png,3216,2136
c06024f05a16.png,1050,1050
c096131ad065.png,1050,1050
c0968d41eb93.png,2416,1736
c0a0828e01b4.png,3216,2136
c0a117de7d0a.png,2048,1536
c0e15e8e2b46.png,2588,1958
c0e509786f7f.png,3216,2136
c0f15fe3b4b7.png,4288,2848
c102db7634d8.png,4288,2848
c12e9ca420a5.png,2048,1536
c1437a7a52c9.png,2588,1958
c1799a6f5c65.png,2416,1736
c1819db0aece.png,1050,1050
c1896142a20a.png,2588,1958
c18a006f7f1d.png,1050,1050
c1c8550508e0.png,3216,2136
c1e6fa1ad314.png,2416,1736
c1ebe785503a.png,2416,1736
c21eb81de9fc.png,819,614
c23ff6dcf15e.png,2048,1536
c24bcf7a1bc4.png,1050,1050
c252da9b41d8.png,3216,2136
c25e02b39c01.png,1050,1050
c261b1aaa828.png,2416,1736
c26f98f58350.png,2048,1536
c280730cc211.png,2416,1736
c2a58b2cfd0b.png,1050,1050
c2d2b4f536da.png,3216,2136
c2f3281cf528.png,1050,1050
c31651ea04c6.png,2588,1958
c334f8688b77.png,1050,1050
c365c598ad4e.png,1050,1050
c373b73a80c8.png,2048,1536
c3789c1dab96.png,819,614
c38dec54a9f7.png,1050,1050
c3a82acb7d7a.png,3216,2136
c3aa424eff9a.png,2048,1536
c3acf47700ea.png,3388,2588
c3b15bf9b4bc.png,2048,1536
c3c8fdda50c0.png,1050,1050
c3cd0200df79.png,2588,1958
c3d12a23f451.png,2588,1958
c3e02d4a1798.png,3216,2136
c406325360b1.png,1050,1050
c40976189f22.png,2416,1736
c446985355f1.png,1050,1050
c48ae5da188e.png,3388,2588
c4a8f2fcf6e8.png,2416,1736
c4aef0d88d1b.png,1050,1050
c4e8b1ec8893.png,1050,1050
c52bb7343387.png,3216,2136
c5431b81cbc9.png,2588,1958
c546670d9684.png,2416,1736
c561bcd519e9.png,2416,1736
c56293f53191.png,1050,1050
c568e5245ea5.png,2416,1736
c56e65f74187.png,2588,1958
c57c164bca05.png,2588,1958
c58971bcebb2.png,2588,1958
c58e5c0c5b33.png,1050,1050
c597ef460944.png,2588,1958
c5a0e84e955d.png,2048,1536
c5a6f432a1ec.png,819,614
c5a9ebef1517.png,2588,1958
c5ad60521f8c.png,1504,1000
c5b58cc992af.png,819,614
c5ba9e455d5e.png,3216,2136
c5bec7f1e5f3.png,1050,1050
c5e238aa18be.png,2416,1736
c613db1cab27.png,3216,2136
c6229222bf22.png,1050,1050
c62585bd68fb.png,1476,1117
c62cef02efa2.png,1050,1050
c639d837f5e4.png,2048,1536
c64c0966b4cf.png,1050,1050
c67117c6ab3b.png,2416,1736
c68dfa021d62.png,3216,2136
c6916bc42016.png,1050,1050
c6a145742708.png,3388,2588
c6a2975228af.png,2588,1958
c6a8f8f998a2.png,1050,1050
c6c2bad91f23.png,3216,2136
c6d4e4a3bd4c.png,1050,1050
c6e1e9fbf39b.png,2416,1736
c6f5b5b5be41.png,1050,1050
c704bd669f36.png,1050,1050
c70d09370109.png,1050,1050
c739ff9580d3.png,2416,1736
c73c5f6ef664.png,3216,2136
c755a0c4edcc.png,2048,1536
c76664770c07.png,2588,1958
c7b622ec8104.png,2416,1736
c7c0470bcf87.png,2588,1958
c7c3d363bc86.png,2588,1958
c7d0deb71576.png,1050,1050
c7e827fc7f41.png,2416,1736
c80b0f27541a.png,2588,1958
c80f79579fed.png,3216,2136
c81c6911f5e0.png,1050,1050
c85b79d70079.png,2588,1958
c87493ed320c.png,3216,2136
c8823cdaf7fa.png,3216,2136
c8905b8d5cf1.png,2588,1958
c8a3eb9a5b52.png,3216,2136
c8d2d32f7f29.png,3216,2136
c8fc0df22999.png,2416,1736
c90c6b94cf40.png,819,614
c947bb6cf9f6.png,2048,1536
c9485c38fdd5.png,2416,1736
c94f37085d0f.png,1050,1050
c96f743915b5.png,2416,1736
c97472ef2c66.png,819,614
c98f623d08d1.png,1050,1050
c9c563864ab1.png,2048,1536
c9d42d7534e0.png,2416,1736
c9e697117f3f.png,1050,1050
c9ea9d5eab65.png,2416,1736
c9f0dc2c8b43.png,1504,1000
ca05f7e7801b.png,1050,1050
ca0f1a17c8e5.png,1504,1000
ca1036496659.png,1844,1226
ca25745942b0.png,2416,1736
ca2b54b95ade.png,1050,1050
ca30a97e9d13.png,2588,1958
ca360bec5851.png,3216,2136
ca63fe4f4b52.png,2416,1736
ca6842bfcbc9.png,2416,1736
ca7140ecf389.png,2416,1736
ca7570c5925c.png,2416,1736
ca7f5caddf96.png,2588,1958
ca891d37a43c.png,1504,1000
ca9c912ebad7.png,3216,2136
cab3dfa7962d.png,2416,1736
cac40227d3b2.png,1504,1000
cac80797770f.png,2588,1958
cad5b1a82e60.png,2048,1536
cadde4030858.png,1050,1050
cae33655ca00.png,1050,1050
cae51154e1ce.png,2588,1958
caec68f11c86.png,1050,1050
cb02bb47fdc5.png,2416,1736
cb0cc98d7e35.png,2416,1736
cb2201c226d6.png,1050,1050
cb28adab4e8a.png,819,614
cb2f3c5d71a7.png,1050,1050
cb39761f0712.png,1050,1050
cb547e723a16.png,2416,1736
cb602182cde3.png,640,480
cb68fce07789.png,1050,1050
cb75210abebe.png,3216,2136
cbc23af521f3.png,2048,1536
cbc2e57447c2.png,3216,2136
cbd0870aa933.png,2416,1736
cbe633765ea7.png,1050,1050
cbf0394039f8.png,2416,1736
cc12453ea915.png,2416,1736
cc1eebed9276.png,2416,1736
cc3d2e961768.png,3216,2136
cc671a73e1cb.png,1050,1050
cc839823755b.png,3388,2588
cc9270f06b65.png,2588,1958
cc964bf04dbc.png,1050,1050
cca626a0e19a.png,1844,1226
ccd34029493d.png,3216,2136
ccd6dcb2f568.png,2048,1536
ccea49708830.png,2048,1536
cd01672507c9.png,2588,1958
cd01f4f83336.png,2048,1536
cd1c98ec48b1.png,1050,1050
cd29c88c9e36.png,3216,2136
cd314653a4d8.png,2048,1536
cd3fd04d72f5.png,1504,1000
cd45bfa07d41.png,3216,2136
cd48cfab4e44.png,2588,1958
cd4e7f9fa1a9.png,1504,1000
cd54d022e37d.png,3216,2136
cd563556cb57.png,819,614
cd5714db652d.png,2416,1736
cd66754e1b3b.png,819,614
cd8da43e3069.png,1050,1050
cd93a472e5cd.png,1050,1050
cd941e5bc659.png,1050,1050
cd972e5639e0.png,2588,1958
cd9e2190c73f.png,2416,1736
ce207b69ff37.png,3216,2136
ce6f33a81ad5.png,1050,1050
ce754234d760.png,1050,1050
ce887b196c23.png,1504,1000
ce8d2efd9d4f.png,1050,1050
ceaa5803d780.png,3216,2136
ceb32a193eff.png,1476,1117
ceb601fe8dba.png,3216,2136
cec299c2a2d5.png,2588,1958
cf0575534cec.png,2416,1736
cf0824f53dd9.png,2416,1736
cf1b9d26d38d.png,3388,2588
cf603a9ef2d5.png,2416,1736
cf6551521a35.png,2048,1536
cf8ae5501bd6.png,1050,1050
cf8f1bc7a215.png,819,614
cfb17a7cc8d4.png,1050,1050
cfd1bd0fcbb4.png,819,614
cfdbaef73a8b.png,819,614
cfed7c1172ec.png,1050,1050
cff262ed8f4c.png,2588,1958
cffc50047828.png,819,614
d0079cc188e9.png,3216,2136
d02b79fc3200.png,1050,1050
d035c2bd9104.png,1050,1050
d06ccd0cf4b8.png,2588,1958
d0926ed2c8e5.png,1050,1050
d0b132d2c7ec.png,1050,1050
d0d59ed675b5.png,2416,1736
d0ffa0425ef1.png,2416,1736
d10d315f123f.png,2416,1736
d10ef306996b.png,3216,2136
d141728fa392.png,3388,2588
d144144a2f3f.png,1504,1000
d15ca3469b87.png,2588,1958
d160ebef4117.png,819,614
d16398c971e9.png,4288,2848
d16e39b9d6f0.png,2048,1536
d16e59a2b33a.png,1050,1050
d18aea8238a0.png,2588,1958
d18b1d8ac4de.png,2416,1736
d18e5b68f6d2.png,2588,1958
d18f6431ebce.png,1050,1050
d1a24527a15d.png,2416,1736
d1a60c3b9fe5.png,1050,1050
d1afdb8cf70d.png,1050,1050
d1b279cc02ae.png,1050,1050
d1ca85af57c9.png,1050,1050
d1cad012a254.png,2416,1736
d1cf31577a59.png,2588,1958
d1f1ea894da1.png,1844,1226
d1f7ea924a01.png,2048,1536
d1fa0f744620.png,2048,1536
d1fb4efb117c.png,2416,1736
d25b8a8ad3c4.png,2588,1958
d264396d8d1a.png,2416,1736
d26bb2ed6e71.png,2048,1536
d26bc6e1230d.png,1050,1050
d271d3a2b552.png,2416,1736
d27ac9e54901.png,1050,1050
d28bd830c171.png,3216,2136
d2901144070c.png,2416,1736
d29096bd94aa.png,2416,1736
d29b37d110f3.png,819,614
d2afca74cbc3.png,819,614
d2c2f02bb313.png,2416,1736
d2c5fb82fe5f.png,2048,1536
d2c6b99ef62c.png,3388,2588
d2cd47ed2c1d.png,819,614
d2d523e9f669.png,2048,1536
d2dc86021c67.png,1050,1050
d2fb715b0c41.png,1050,1050
d2ffe9287dc7.png,3216,2136
d30d079e6f9a.png,1050,1050
d332d7b8a26e.png,1050,1050
d364423ec6f9.png,3216,2136
d38cf0f4a9af.png,1050,1050
d39752cb6e57.png,1050,1050
d3be5346684b.png,2588,1958
d3d578fe433f.png,3216,2136
d3de0d313d61.png,2588,1958
d3dfd0a2dee6.png,2048,1536
d3e56584a481.png,819,614
d3e884109b45.png,2588,1958
d41b33fcb94f.png,640,480
d436c06f0490.png,1050,1050
d4583e9525dc.png,2048,1536
d473f6fafba0.png,2588,1958
d48178e4a49b.png,3388,2588
d4bc001f7224.png,2048,1536
d4be0403e6ab.png,1050,1050
d4f32b9c07df.png,2416,1736
d516f77d4516.png,2048,1536
d51b3fe0fa1b.png,1504,1000
d51c2153d151.png,2416,1736
d51e5d7484ea.png,1050,1050
d567a1a22d33.png,2416,1736
d56d32a1d62d.png,2048,1536
d57d1be1bbd1.png,2588,1958
d5a39339ff3d.png,3216,2136
d5ad3362424c.png,2588,1958
d5b4705ac2ee.png,1050,1050
d5c63a8d9e94.png,1050,1050
d6130f2ec903.png,819,614
d6228d951958.png,3388,2588
d6283ded6aea.png,3216,2136
d659d7fd5ccf.png,3216,2136
d667af5742f6.png,1050,1050
d66b6f333dc7.png,3216,2136
d66ccb75ada1.png,2588,1958
d67374d3fa2a.png,1050,1050
d6803e467592.png,1050,1050
d69698f838db.png,1050,1050
d6b109c82067.png,1050,1050
d6dbb0820ea5.png,1050,1050
d6df4fe492ec.png,1050,1050
d6e26fe51dce.png,3216,2136
d6f36ec5564a.png,2048,1536
d6f6bdfd8011.png,1050,1050
d7078e8b0349.png,2048,1536
d74ccc796517.png,1050,1050
d774692d9919.png,1050,1050
d78b7401096f.png,2588,1958
d7a01fca9838.png,819,614
d7ab5c040294.png,819,614
d7ac4a0c9760.png,1050,1050
d7bc00091cfc.png,1050,1050
d7bc62d60e8c.png,2588,1958
d7e5fe5245e0.png,2416,1736
d801c0a66738.png,2416,1736
d803598dabda.png,1504,1000
d807c53c1399.png,1050,1050
d81338217fc5.png,2588,1958
d81b6ed83bc2.png,1504,1000
d838d5b9f571.png,1050,1050
d83c3efade75.png,3216,2136
d83d0695e215.png,3216,2136
d8404680bba6.png,2588,1958
d844a7252f4e.png,3216,2136
d85588ff2ebd.png,2416,1736
d85a842d20bd.png,3388,2588
d85d052900b4.png,2416,1736
d85ea1220a03.png,1050,1050
d865997a6280.png,2048,1536
d866c26d76f0.png,2048,1536
d868acdccb5b.png,2416,1736
d871895742b1.png,2588,1958
d881c04f01fe.png,1050,1050
d88806d9ece9.png,2144,1424
d88c4843aec3.png,1050,1050
d8cdb7d7283a.png,2416,1736
d8da9de62743.png,1050,1050
d911dd40c63b.png,1050,1050
d91273efb92a.png,3216,2136
d91635f380b4.png,2048,1536
d9311f7497cb.png,3388,2588
d93b61dc8f64.png,2588,1958
d94e10f42861.png,3216,2136
d952dbfb0fe4.png,2416,1736
d95959798b57.png,2416,1736
d968a983d4d2.png,2588,1958
d97911a32918.png,1050,1050
d990a3f0cbdb.png,2416,1736
d994203deb64.png,2144,1424
d99b0f7dd9b9.png,1050,1050
d99dd99be001.png,1050,1050
d9a475dfe59a.png,2416,1736
d9ad2a0ec026.png,1050,1050
d9ba044671e1.png,3216,2136
d9bbdc33db83.png,640,480
d9c9b9786da3.png,1050,1050
d9d2631f043c.png,2588,1958
d9e58e4d8689.png,2416,1736
da0a1043abf7.png,1504,1000
da0a83f074f3.png,819,614
da1fb35f5df9.png,2416,1736
da2bdf4236ac.png,819,614
da3a2275c850.png,1050,1050
da44f80b422b.png,3216,2136
da6389d129aa.png,2416,1736
da6bbb76d562.png,2588,1958
da8900ac7f29.png,3216,2136
da9262d9f5d9.png,1050,1050
da949aa67a4f.png,2048,1536
da9574d35b82.png,2588,1958
da9fe02dead3.png,1050,1050
daad7b617f21.png,819,614
dad71ba27a9b.png,2416,1736
daeaa5d8cf70.png,640,480
daff5427c9b2.png,2048,1536
db3cd58aa315.png,2048,1536
db49cdf1ea64.png,2416,1736
db4ed1e07aa3.png,2588,1958
db52626d450c.png,1050,1050
db6207e62c7b.png,2048,1536
db690e2d02f8.png,1050,1050
dbb2c63f6f08.png,640,480
dbd062558b81.png,3388,2588
dbee04ae6426.png,2588,1958
dbfd238b3468.png,2588,1958
dc0eea0b68a7.png,1476,1117
dc0f6e5b489b.png,2048,1536
dc3c0d8ee20b.png,1504,1000
dc6fa1b38b83.png,2588,1958
dcc6c0ad5cad.png,2588,1958
dccdf750c962.png,1050,1050
dce73d90c00c.png,1050,1050
dcf109df1a2b.png,2048,1536
dd02d60bef14.png,2048,1536
dd110d2b8c21.png,3216,2136
dd19428c3d29.png,2416,1736
dd285d9e97fe.png,1050,1050
dd3176bacfe2.png,819,614
dd3dad6ca78f.png,2416,1736
dd90c321d7bc.png,2048,1536
ddb222ff7c1d.png,2048,1536
dde43aa22ae6.png,2416,1736
de16416220de.png,3388,2588
de18071c36e6.png,819,614
de2eb5c8aa83.png,2048,1536
de38adaae009.png,2588,1958
de4cdabbce6d.png,2048,1536
de50dfa745f8.png,2588,1958
de55ed25e0e8.png,1050,1050
de57c9e9fa93.png,1476,1117
de6210f88536.png,1050,1050
de730033c683.png,2588,1958
de778495a1cd.png,3216,2136
dea7538bb91a.png,819,614
dec5595e6154.png,1050,1050
dee1031a76ae.png,819,614
dee31065f8fe.png,1050,1050
dee687c6e88a.png,3216,2136
df0886f1e76b.png,2048,1536
df3adfd6ba36.png,2588,1958
df4913ca3712.png,1504,1000
df4aec4a0eaf.png,3388,2588
df5ce3ea7820.png,3216,2136
df6d13d04da1.png,1050,1050
df8365d6ac33.png,3216,2136
df841a0440d8.png,2416,1736
df84e7113003.png,3216,2136
df9cb3729eb1.png,2048,1536
dfc7ec7db0e0.png,1050,1050
dfea19863428.png,819,614
e019b3e0f33d.png,1504,1000
e01b7bac822b.png,1050,1050
e0313be77035.png,2048,1536
e037643244b7.png,2416,1736
e03a74e7d74f.png,2048,1536
e03e70bc8bba.png,2416,1736
e04f3c6619a3.png,1050,1050
e067b06fd655.png,1050,1050
e06cccc08c59.png,1050,1050
e06d3d4733f0.png,3216,2136
e07045d7c5f7.png,2416,1736
e0863b353093.png,3216,2136
e087bd4b88f2.png,2048,1536
e0b5a982a018.png,2416,1736
e0d229db881a.png,1050,1050
e10190a9d52f.png,3388,2588
e12b67835e03.png,1050,1050
e12d41e7b221.png,2416,1736
e12df54e0d1e.png,1050,1050
e12f9f19d1be.png,819,614
e13412678eff.png,2416,1736
e135d7ba9a0e.png,1050,1050
e1418d28d668.png,2588,1958
e150935f66a6.png,1050,1050
e160a3b19911.png,819,614
e16af45285e5.png,1050,1050
e16fc934069f.png,3216,2136
e17507a4a1f5.png,2416,1736
e1900014dabf.png,2416,1736
e19936582c61.png,3216,2136
e1ab92228e60.png,2416,1736
e1b8acb1cea1.png,1050,1050
e1c02f6c3362.png,2048,1536
e1dc02a3dc2a.png,1050,1050
e1e490773462.png,3388,2588
e1fb532f55df.png,2896,1944
e2161692a0b4.png,2588,1958
e2265c383348.png,819,614
e229aca862c7.png,3216,2136
e23add229074.png,3216,2136
e246cd89e1cc.png,1050,1050
e251bdf05b85.png,819,614
e25ccfe38e44.png,819,614
e265c870f9b3.png,3388,2588
e26bcae6c67b.png,2588,1958
e26d8718ca58.png,819,614
e2856afe62c5.png,2416,1736
e29e54ff921e.png,1050,1050
e2a233493b90.png,2416,1736
e2a47a74e6e1.png,2416,1736
e2c39ed0c941.png,1050,1050
e2c3b037413b.png,2416,1736
e2ec22b3d07e.png,819,614
e30a890600e1.png,819,614
e31c42a8652b.png,640,480
e322acd46152.png,2048,1536
e32a359be36d.png,2588,1958
e32dc722eca5.png,3216,2136
e33766353db2.png,819,614
e34fa07bd64d.png,1844,1226
e387311a840e.png,2416,1736
e38f3a65b02b.png,4288,2848
e39b627cf648.png,1504,1000
e3a7671f787b.png,3388,2588
e3ab63dc9a60.png,2416,1736
e3b47ed5b511.png,1050,1050
e3cd96cb094c.png,2048,1536
e3e490babc0c.png,2416,1736
e3ec668f6fad.png,3388,2588
e4151feb8443.png,3216,2136
e4210e7fe587.png,2588,1958
e42d9a94a66d.png,2588,1958
e4730ddde408.png,3216,2136
e47452069ea1.png,2048,1536
e47770a2e5d1.png,2588,1958
e499434242cc.png,3216,2136
e4a44f9158dc.png,1050,1050
e4ae1ee6aada.png,1050,1050
e4b0df29b96f.png,1050,1050
e4c799738a19.png,1050,1050
e4d3d437b0a8.png,1050,1050
e4dcca36ceb4.png,1050,1050
e4e343eaae2a.png,2144,1424
e4f12411fd85.png,2896,1944
e50b0174690d.png,1050,1050
e5197d77ec68.png,819,614
e529c5757d64.png,819,614
e52ed5c29c5e.png,3216,2136
e540d2e35d15.png,2416,1736
e55188915f9d.png,2416,1736
e580676516b0.png,2588,1958
e582e56e7942.png,1050,1050
e594c19e2e1d.png,1050,1050
e599151ca14b.png,2416,1736
e59c5f345bb0.png,1050,1050
e5d56f4f359b.png,3216,2136
e5de79795c1d.png,819,614
e5f332efcbc7.png,2048,1536
e5f73f2855c0.png,1050,1050
e60e4edb3ca9.png,1050,1050
e62490b7d0e9.png,3216,2136
e632e38fd2d4.png,2588,1958
e6552b7432b3.png,1050,1050
e65a2ff90494.png,2416,1736
e65f94ad9be3.png,2588,1958
e663c6627a95.png,2416,1736
e66855a5c583.png,1050,1050
e66ad813a508.png,1050,1050
e68746d426b2.png,819,614
e68bdd36e589.png,2588,1958
e69b48516577.png,2588,1958
e6a58edc5b42.png,3216,2136
e6a5e4718873.png,1050,1050
e6a6acf7fca1.png,3216,2136
e6f0ce5bf282.png,3216,2136
e724866f5084.png,3216,2136
e7291472109b.png,1050,1050
e740af6ac6ea.png,1504,1000
e756495c11cb.png,2416,1736
e7578d8dba72.png,819,614
e76a9cbb2a8c.png,1504,1000
e77a93c3d9a9.png,2588,1958
e79e10907295.png,1050,1050
e7a372a1c3a4.png,2416,1736
e7a7187066ad.png,1504,1000
e7b5dd5bab1f.png,1050,1050
e7d2c2c3b30f.png,2416,1736
e7defafeb957.png,3388,2588
e7fc93ac5b6d.png,2588,1958
e811f39a1243.png,2896,1944
e81f4a2fbbdc.png,2588,1958
e821c1b6417a.png,2588,1958
e82232a3c28b.png,1050,1050
e83d315d8f98.png,2588,1958
e85d410d6836.png,640,480
e868c3da340b.png,3216,2136
e893e86dde94.png,1050,1050
e8d1c6c07cf2.png,1504,1000
e8ddfc9709ce.png,1050,1050
e8e44b3160e3.png,1050,1050
e907d23cce3d.png,2048,1536
e9129ce55fd7.png,2588,1958
e9286ddf6ffe.png,4288,2848
e933923aab15.png,1050,1050
e93394175a19.png,3216,2136
e96099b961b4.png,2416,1736
e966850247f4.png,1050,1050
e9678824215d.png,1050,1050
e96bd80a8a53.png,2416,1736
e97ecf4355cb.png,2048,1536
e9ab8413e771.png,2588,1958
e9ce5bf645ab.png,1050,1050
e9f3c85a2a02.png,1050,1050
e9f82b5bbaf4.png,2416,1736
e9faf0296643.png,2588,1958
e9ff9352ccb3.png,4288,2848
ea05c22d92e9.png,1504,1000
ea15a290eb96.png,2416,1736
ea1d045f9fea.png,3388,2588
ea4ce9516144.png,2048,1536
ea4dcb055139.png,2588,1958
ea588d1e5d96.png,3216,2136
ea5c42a78979.png,1050,1050
ea68b58a6e8f.png,1050,1050
ea6a53e54d0f.png,819,614
ea7e21bab610.png,1050,1050
ea9c41e1ced0.png,1050,1050
ea9e0fb6fb0b.png,2144,1424
eaa0dfbd5024.png,2416,1736
eabc7c716255.png,819,614
eabf421f94d0.png,1050,1050
ead23cc922ed.png,2416,1736
eadc57064154.png,1050,1050
eadfc8809ec8.png,3216,2136
eae70f527755.png,1050,1050
eae901557a84.png,2588,1958
eb050765b323.png,1050,1050
eb175669d789.png,819,614
eb1ad14dd281.png,3388,2588
eb1d37b71fd1.png,2416,1736
eb32a815f78c.png,2588,1958
eb6b1f1c09db.png,3216,2136
eba3acc42197.png,3216,2136
ebd96d853918.png,1050,1050
ebe0175e530c.png,2416,1736
ebf4b22240f4.png,1050,1050
ec01f0862669.png,1050,1050
ec0c9f817b03.png,1050,1050
ec363f48867b.png,2588,1958
ec4649213ccf.png,2416,1736
ec57cc20d776.png,819,614
ec6659926105.png,1050,1050
ec6f1797a25a.png,1050,1050
ecad6845f630.png,2588,1958
ecb4500285ed.png,819,614
ed246ae1ed08.png,2416,1736
ed2c06fcc573.png,2416,1736
ed2c52c14493.png,1050,1050
ed2ef440d22c.png,819,614
ed3a0fc5b546.png,2416,1736
ed3ce1674761.png,1050,1050
ed648b9bcd95.png,819,614
ed6704e3b72e.png,2416,1736
ed6bd9293a89.png,1050,1050
ed88faaa325a.png,3216,2136
eda1d75cbcf0.png,1050,1050
eda29a9d78f3.png,1050,1050
edceb0657d77.png,819,614
ee02294cc3d9.png,3216,2136
ee059945b08a.png,2588,1958
ee1ec90b980f.png,2416,1736
ee2c2a5f7d0e.png,3216,2136
ee36ca728641.png,2048,1536
ee3f5cf52188.png,2048,1536
ee3fe7809e6a.png,819,614
ee6e39319b39.png,3388,2588
ee74c3b177e0.png,2588,1958
ee77763a6afb.png,2048,1536
ee78ce914066.png,2416,1736
eeaea2c5ff34.png,2048,1536
eeb231c3ef1f.png,2416,1736
eebd1e195952.png,819,614
eed4afc8ec83.png,1050,1050
eedae6b28f96.png,2588,1958
ef247f28004f.png,2048,1536
ef26625121b3.png,2416,1736
ef4121e9bb67.png,1050,1050
ef476be214d4.png,819,614
ef48780f5d5f.png,1050,1050
ef5155990874.png,1050,1050
ef7a4ed8d5d1.png,2588,1958
ef7eb85b75fc.png,1050,1050
ef8109305128.png,2416,1736
ef81cd8854cb.png,1050,1050
ef8c39eb9157.png,2048,1536
ef99c499d665.png,1050,1050
efff2f1a35f5.png,2416,1736
f002ce614c59.png,2588,1958
f0098e9d4aee.png,2416,1736
f00ce9b9d6f4.png,1050,1050
f02057c41256.png,2588,1958
f025f33b2c9b.png,3216,2136
f0267c42907c.png,2048,1536
f02956bd7c50.png,2048,1536
f02babb3a023.png,1050,1050
f03d3c4ce7fb.png,3216,2136
f0546a45ef10.png,1050,1050
f066db7a2efe.png,2416,1736
f06e7a9df795.png,2588,1958
f0800723bc63.png,2416,1736
f080a22008be.png,2416,1736
f0860c21533b.png,2588,1958
f092febbf5c0.png,2416,1736
f09cfc6a4dbd.png,1050,1050
f09fd9433dff.png,1050,1050
f0a2dc580009.png,819,614
f0c0f7b5e820.png,2416,1736
f0c13be90519.png,2588,1958
f0e1201b5c1f.png,819,614
f0f89314e860.png,1504,1000
f18abfa690ab.png,640,480
f1979147aad4.png,2588,1958
f1a761c68559.png,1504,1000
f1d719c97838.png,1050,1050
f1dc26c4bfa3.png,3216,2136
f2094a20b275.png,3216,2136
f233638e0e90.png,819,614
f23902998c21.png,1504,1000
f252046c0fe6.png,1050,1050
f26b02ead915.png,2048,1536
f298b7d05958.png,1050,1050
f2c0b41acd05.png,2048,1536
f2d2a0c92034.png,3216,2136
f2ee81781411.png,3216,2136
f2f569a64949.png,2048,1536
f30f203ef51e.png,3216,2136
f35d80bb1a22.png,1050,1050
f361060eda3e.png,1050,1050
f366fb1cc475.png,1050,1050
f36cb007a1ef.png,1050,1050
f3a268d2726d.png,2588,1958
f3a4751af42e.png,1050,1050
f3a88d3026dc.png,1050,1050
f3b27ac2d371.png,1050,1050
f3b6b7ca1eb1.png,2416,1736
f3bb996b45ce.png,1050,1050
f3cd489acbee.png,3216,2136
f42b693a9414.png,2048,1536
f431f2e119d7.png,2048,1536
f451eee2b66b.png,1050,1050
f45f1485c940.png,2416,1736
f460608cf4cc.png,3216,2136
f47a2a4a0411.png,3216,2136
f481f76a6b75.png,2416,1736
f48241b0c995.png,2048,1536
f4874247ede6.png,819,614
f4c7ae514c54.png,2048,1536
f4d3169b468a.png,1050,1050
f4d3777f2710.png,3216,2136
f4de9620e3f2.png,2588,1958
f4df3d86688d.png,1050,1050
f4e68b61f480.png,2588,1958
f4ea2a2cfbb9.png,1050,1050
f531232ecb55.png,1050,1050
f549294e12e1.png,3388,2588
f55e1d2a19e4.png,2416,1736
f5650eb52640.png,2416,1736
f56ff0440ed1.png,2588,1958
f5733f77273d.png,1050,1050
f576e45d1da2.png,3388,2588
f57cf3b6f48e.png,2048,1536
f580566e27f5.png,819,614
f583a722434c.png,2588,1958
f58cdfa968be.png,2048,1536
f58d37d48e42.png,3388,2588
f58f0b2fd718.png,1050,1050
f5a8c6426a71.png,2416,1736
f5c953bee7cd.png,1050,1050
f5e6226bd2e0.png,2416,1736
f5e9a307288c.png,3216,2136
f61bf44c677c.png,3388,2588
f62b8a076833.png,2048,1536
f633c474e8b8.png,1050,1050
f64214bed40e.png,2588,1958
f64b6e85f1c9.png,1050,1050
f66c4ee86629.png,2588,1958
f68690db78d3.png,2048,1536
f69400b316a7.png,2416,1736
f69835dc7c50.png,2416,1736
f6d760566a51.png,1050,1050
f6f3ea0d2693.png,3216,2136
f6f433f3306f.png,2588,1958
f6f7dba7104d.png,2416,1736
f7116e7b2f4e.png,1050,1050
f71333204618.png,2588,1958
f71aca5a7dc3.png,2048,1536
f71bea807c96.png,1050,1050
f72adcac5638.png,2588,1958
f72ef9ceeaa8.png,2588,1958
f7508f14dd7b.png,2048,1536
f762c272c522.png,3388,2588
f7735b6d47f7.png,1050,1050
f7defe70afc3.png,2588,1958
f7e9fa75c7c1.png,1050,1050
f7edc074f06b.png,2416,1736
f7fec8935126.png,2416,1736
f80118bbda18.png,2416,1736
f819c65b803c.png,2048,1536
f8372e80f731.png,3216,2136
f850cb51fdba.png,2416,1736
f85c78201a50.png,1050,1050
f85fd4fac887.png,2588,1958
f86d1c404acb.png,819,614
f8cf7ed8ef00.png,2416,1736
f8d62557ad0c.png,819,614
f8f5942b690e.png,819,614
f8fc411092c7.png,3216,2136
f901d460517c.png,3388,2588
f90f8931a9bc.png,1050,1050
f9156aeffc5e.png,2896,1944
f91cfa82b9d4.png,819,614
f920ccd926db.png,3216,2136
f952ad2e4356.png,819,614
f994a3b07935.png,1050,1050
f999c6921e6d.png,2416,1736
f9aa35187bf3.png,1050,1050
f9d52509c571.png,1050,1050
f9d8ff3e6592.png,2048,1536
f9e1c439d4c8.png,2416,1736
f9e779a13204.png,2416,1736
f9ecf1795804.png,3216,2136
fa0c87bd75ce.png,2588,1958
fa3e544a7401.png,2588,1958
fa573163dd8b.png,1050,1050
fa59221cf464.png,2896,1944
fa6f3d8bb1d5.png,1050,1050
fa748b57262b.png,3388,2588
fa7fa797c650.png,1050,1050
fa9bece586fc.png,2588,1958
fa9f1bc03f21.png,1050,1050
fac399455195.png,3388,2588
fb1b8771c70a.png,1050,1050
fb61230b99dd.png,1844,1226
fb696a8e055a.png,1844,1226
fb6b8200b7f8.png,2416,1736
fb767cea406c.png,819,614
fb88783de055.png,1050,1050
fb88d23fc5fe.png,1050,1050
fba493e17448.png,2416,1736
fbcbc81cf9be.png,1050,1050
fbdc796290d4.png,1050,1050
fbfa925506f6.png,819,614
fc1b1841eadf.png,3216,2136
fc4c2d35c6f8.png,3216,2136
fc4d69128e7c.png,2588,1958
fc603cbedb41.png,3216,2136
fc782722a50c.png,1050,1050
fc898dfeb24f.png,2048,1536
fc8fce67fbf8.png,2048,1536
fca1a8738b8a.png,1050,1050
fca931da5c5e.png,2416,1736
fcc32dffd24d.png,2588,1958
fcc55ae641ae.png,3388,2588
fcc6aa6755e6.png,2896,1944
fce73678f650.png,1050,1050
fce93caa4758.png,2416,1736
fd079d2e93a2.png,1050,1050
fd0a70082e7c.png,1050,1050
fd48cf452e9d.png,2588,1958
fd4c946c52bf.png,1050,1050
fd62bd0db4f1.png,2588,1958
fd87b6b2e664.png,1050,1050
fda39982a810.png,1504,1000
fdbc252813b1.png,819,614
fdc685055659.png,1050,1050
fdd18ccbbdc5.png,2416,1736
fdd534271f3d.png,2416,1736
fe06dad6851c.png,2048,1536
fe0e2dee1834.png,2048,1536
fe0fc67c7980.png,1504,1000
fe2df69676cf.png,1844,1226
fe37f4492920.png,2416,1736
fe3b0e50be78.png,819,614
fe3f62695b2d.png,1050,1050
fe674c2f73f5.png,2416,1736
fea14b3d44b0.png,2416,1736
febfb20dc311.png,1050,1050
fecf4c5ae84b.png,2416,1736
fed5bb685832.png,1050,1050
fefded6bf135.png,2588,1958
ff03f74667df.png,2048,1536
ff0740cb484a.png,1504,1000
ff1e940105f9.png,1050,1050
ff344e5c9341.png,3216,2136
ff4832d55461.png,2048,1536
ff4955e76894.png,2416,1736
ff4cd992667b.png,2588,1958
ff52392372d3.png,1504,1000
ff59d44a70a7.png,1050,1050
ff631653374e.png,1050,1050
ff77e8e5b5f3.png,2416,1736
ff8a0b45c789.png,1844,1226
ffa47f6a7bf4.png,3388,2588
ffc04fed30e6.png,2048,1536
ffcf7b45f213.png,3216,2136
ffd97f8cd5aa.png,1050,1050
ffec9a18a3ce.png,2588,1958
